-- MySQL dump 10.13  Distrib 8.0.40, for Win64 (x86_64)
--
-- Host: localhost    Database: tinder_db
-- ------------------------------------------------------
-- Server version	8.0.40

/*!40101 SET @OLD_CHARACTER_SET_CLIENT=@@CHARACTER_SET_CLIENT */;
/*!40101 SET @OLD_CHARACTER_SET_RESULTS=@@CHARACTER_SET_RESULTS */;
/*!40101 SET @OLD_COLLATION_CONNECTION=@@COLLATION_CONNECTION */;
/*!50503 SET NAMES utf8mb4 */;
/*!40103 SET @OLD_TIME_ZONE=@@TIME_ZONE */;
/*!40103 SET TIME_ZONE='+00:00' */;
/*!40014 SET @OLD_UNIQUE_CHECKS=@@UNIQUE_CHECKS, UNIQUE_CHECKS=0 */;
/*!40014 SET @OLD_FOREIGN_KEY_CHECKS=@@FOREIGN_KEY_CHECKS, FOREIGN_KEY_CHECKS=0 */;
/*!40101 SET @OLD_SQL_MODE=@@SQL_MODE, SQL_MODE='NO_AUTO_VALUE_ON_ZERO' */;
/*!40111 SET @OLD_SQL_NOTES=@@SQL_NOTES, SQL_NOTES=0 */;

--
-- Table structure for table `cartitems`
--

DROP TABLE IF EXISTS `cartitems`;
/*!40101 SET @saved_cs_client     = @@character_set_client */;
/*!50503 SET character_set_client = utf8mb4 */;
CREATE TABLE `cartitems` (
  `id` int NOT NULL AUTO_INCREMENT,
  `cartId` int NOT NULL,
  `productId` int NOT NULL,
  `quantity` int DEFAULT '1',
  `price` float NOT NULL,
  PRIMARY KEY (`id`),
  KEY `cartId` (`cartId`),
  KEY `productId` (`productId`),
  CONSTRAINT `cartitems_ibfk_1` FOREIGN KEY (`cartId`) REFERENCES `carts` (`id`) ON DELETE CASCADE ON UPDATE CASCADE,
  CONSTRAINT `cartitems_ibfk_10` FOREIGN KEY (`productId`) REFERENCES `products` (`id`) ON DELETE CASCADE ON UPDATE CASCADE,
  CONSTRAINT `cartitems_ibfk_100` FOREIGN KEY (`productId`) REFERENCES `products` (`id`) ON DELETE CASCADE ON UPDATE CASCADE,
  CONSTRAINT `cartitems_ibfk_101` FOREIGN KEY (`cartId`) REFERENCES `carts` (`id`) ON DELETE CASCADE ON UPDATE CASCADE,
  CONSTRAINT `cartitems_ibfk_102` FOREIGN KEY (`productId`) REFERENCES `products` (`id`) ON DELETE CASCADE ON UPDATE CASCADE,
  CONSTRAINT `cartitems_ibfk_103` FOREIGN KEY (`cartId`) REFERENCES `carts` (`id`) ON DELETE CASCADE ON UPDATE CASCADE,
  CONSTRAINT `cartitems_ibfk_104` FOREIGN KEY (`productId`) REFERENCES `products` (`id`) ON DELETE CASCADE ON UPDATE CASCADE,
  CONSTRAINT `cartitems_ibfk_105` FOREIGN KEY (`cartId`) REFERENCES `carts` (`id`) ON DELETE CASCADE ON UPDATE CASCADE,
  CONSTRAINT `cartitems_ibfk_106` FOREIGN KEY (`productId`) REFERENCES `products` (`id`) ON DELETE CASCADE ON UPDATE CASCADE,
  CONSTRAINT `cartitems_ibfk_107` FOREIGN KEY (`cartId`) REFERENCES `carts` (`id`) ON DELETE CASCADE ON UPDATE CASCADE,
  CONSTRAINT `cartitems_ibfk_108` FOREIGN KEY (`productId`) REFERENCES `products` (`id`) ON DELETE CASCADE ON UPDATE CASCADE,
  CONSTRAINT `cartitems_ibfk_109` FOREIGN KEY (`cartId`) REFERENCES `carts` (`id`) ON DELETE CASCADE ON UPDATE CASCADE,
  CONSTRAINT `cartitems_ibfk_11` FOREIGN KEY (`cartId`) REFERENCES `carts` (`id`) ON DELETE CASCADE ON UPDATE CASCADE,
  CONSTRAINT `cartitems_ibfk_110` FOREIGN KEY (`productId`) REFERENCES `products` (`id`) ON DELETE CASCADE ON UPDATE CASCADE,
  CONSTRAINT `cartitems_ibfk_111` FOREIGN KEY (`cartId`) REFERENCES `carts` (`id`) ON DELETE CASCADE ON UPDATE CASCADE,
  CONSTRAINT `cartitems_ibfk_112` FOREIGN KEY (`productId`) REFERENCES `products` (`id`) ON DELETE CASCADE ON UPDATE CASCADE,
  CONSTRAINT `cartitems_ibfk_113` FOREIGN KEY (`cartId`) REFERENCES `carts` (`id`) ON DELETE CASCADE ON UPDATE CASCADE,
  CONSTRAINT `cartitems_ibfk_114` FOREIGN KEY (`productId`) REFERENCES `products` (`id`) ON DELETE CASCADE ON UPDATE CASCADE,
  CONSTRAINT `cartitems_ibfk_115` FOREIGN KEY (`cartId`) REFERENCES `carts` (`id`) ON DELETE CASCADE ON UPDATE CASCADE,
  CONSTRAINT `cartitems_ibfk_116` FOREIGN KEY (`productId`) REFERENCES `products` (`id`) ON DELETE CASCADE ON UPDATE CASCADE,
  CONSTRAINT `cartitems_ibfk_117` FOREIGN KEY (`cartId`) REFERENCES `carts` (`id`) ON DELETE CASCADE ON UPDATE CASCADE,
  CONSTRAINT `cartitems_ibfk_118` FOREIGN KEY (`productId`) REFERENCES `products` (`id`) ON DELETE CASCADE ON UPDATE CASCADE,
  CONSTRAINT `cartitems_ibfk_12` FOREIGN KEY (`productId`) REFERENCES `products` (`id`) ON DELETE CASCADE ON UPDATE CASCADE,
  CONSTRAINT `cartitems_ibfk_13` FOREIGN KEY (`cartId`) REFERENCES `carts` (`id`) ON DELETE CASCADE ON UPDATE CASCADE,
  CONSTRAINT `cartitems_ibfk_14` FOREIGN KEY (`productId`) REFERENCES `products` (`id`) ON DELETE CASCADE ON UPDATE CASCADE,
  CONSTRAINT `cartitems_ibfk_15` FOREIGN KEY (`cartId`) REFERENCES `carts` (`id`) ON DELETE CASCADE ON UPDATE CASCADE,
  CONSTRAINT `cartitems_ibfk_16` FOREIGN KEY (`productId`) REFERENCES `products` (`id`) ON DELETE CASCADE ON UPDATE CASCADE,
  CONSTRAINT `cartitems_ibfk_17` FOREIGN KEY (`cartId`) REFERENCES `carts` (`id`) ON DELETE CASCADE ON UPDATE CASCADE,
  CONSTRAINT `cartitems_ibfk_18` FOREIGN KEY (`productId`) REFERENCES `products` (`id`) ON DELETE CASCADE ON UPDATE CASCADE,
  CONSTRAINT `cartitems_ibfk_19` FOREIGN KEY (`cartId`) REFERENCES `carts` (`id`) ON DELETE CASCADE ON UPDATE CASCADE,
  CONSTRAINT `cartitems_ibfk_2` FOREIGN KEY (`productId`) REFERENCES `products` (`id`) ON DELETE CASCADE ON UPDATE CASCADE,
  CONSTRAINT `cartitems_ibfk_20` FOREIGN KEY (`productId`) REFERENCES `products` (`id`) ON DELETE CASCADE ON UPDATE CASCADE,
  CONSTRAINT `cartitems_ibfk_21` FOREIGN KEY (`cartId`) REFERENCES `carts` (`id`) ON DELETE CASCADE ON UPDATE CASCADE,
  CONSTRAINT `cartitems_ibfk_22` FOREIGN KEY (`productId`) REFERENCES `products` (`id`) ON DELETE CASCADE ON UPDATE CASCADE,
  CONSTRAINT `cartitems_ibfk_23` FOREIGN KEY (`cartId`) REFERENCES `carts` (`id`) ON DELETE CASCADE ON UPDATE CASCADE,
  CONSTRAINT `cartitems_ibfk_24` FOREIGN KEY (`productId`) REFERENCES `products` (`id`) ON DELETE CASCADE ON UPDATE CASCADE,
  CONSTRAINT `cartitems_ibfk_25` FOREIGN KEY (`cartId`) REFERENCES `carts` (`id`) ON DELETE CASCADE ON UPDATE CASCADE,
  CONSTRAINT `cartitems_ibfk_26` FOREIGN KEY (`productId`) REFERENCES `products` (`id`) ON DELETE CASCADE ON UPDATE CASCADE,
  CONSTRAINT `cartitems_ibfk_27` FOREIGN KEY (`cartId`) REFERENCES `carts` (`id`) ON DELETE CASCADE ON UPDATE CASCADE,
  CONSTRAINT `cartitems_ibfk_28` FOREIGN KEY (`productId`) REFERENCES `products` (`id`) ON DELETE CASCADE ON UPDATE CASCADE,
  CONSTRAINT `cartitems_ibfk_29` FOREIGN KEY (`cartId`) REFERENCES `carts` (`id`) ON DELETE CASCADE ON UPDATE CASCADE,
  CONSTRAINT `cartitems_ibfk_3` FOREIGN KEY (`cartId`) REFERENCES `carts` (`id`) ON DELETE CASCADE ON UPDATE CASCADE,
  CONSTRAINT `cartitems_ibfk_30` FOREIGN KEY (`productId`) REFERENCES `products` (`id`) ON DELETE CASCADE ON UPDATE CASCADE,
  CONSTRAINT `cartitems_ibfk_31` FOREIGN KEY (`cartId`) REFERENCES `carts` (`id`) ON DELETE CASCADE ON UPDATE CASCADE,
  CONSTRAINT `cartitems_ibfk_32` FOREIGN KEY (`productId`) REFERENCES `products` (`id`) ON DELETE CASCADE ON UPDATE CASCADE,
  CONSTRAINT `cartitems_ibfk_33` FOREIGN KEY (`cartId`) REFERENCES `carts` (`id`) ON DELETE CASCADE ON UPDATE CASCADE,
  CONSTRAINT `cartitems_ibfk_34` FOREIGN KEY (`productId`) REFERENCES `products` (`id`) ON DELETE CASCADE ON UPDATE CASCADE,
  CONSTRAINT `cartitems_ibfk_35` FOREIGN KEY (`cartId`) REFERENCES `carts` (`id`) ON DELETE CASCADE ON UPDATE CASCADE,
  CONSTRAINT `cartitems_ibfk_36` FOREIGN KEY (`productId`) REFERENCES `products` (`id`) ON DELETE CASCADE ON UPDATE CASCADE,
  CONSTRAINT `cartitems_ibfk_37` FOREIGN KEY (`cartId`) REFERENCES `carts` (`id`) ON DELETE CASCADE ON UPDATE CASCADE,
  CONSTRAINT `cartitems_ibfk_38` FOREIGN KEY (`productId`) REFERENCES `products` (`id`) ON DELETE CASCADE ON UPDATE CASCADE,
  CONSTRAINT `cartitems_ibfk_39` FOREIGN KEY (`cartId`) REFERENCES `carts` (`id`) ON DELETE CASCADE ON UPDATE CASCADE,
  CONSTRAINT `cartitems_ibfk_4` FOREIGN KEY (`productId`) REFERENCES `products` (`id`) ON DELETE CASCADE ON UPDATE CASCADE,
  CONSTRAINT `cartitems_ibfk_40` FOREIGN KEY (`productId`) REFERENCES `products` (`id`) ON DELETE CASCADE ON UPDATE CASCADE,
  CONSTRAINT `cartitems_ibfk_41` FOREIGN KEY (`cartId`) REFERENCES `carts` (`id`) ON DELETE CASCADE ON UPDATE CASCADE,
  CONSTRAINT `cartitems_ibfk_42` FOREIGN KEY (`productId`) REFERENCES `products` (`id`) ON DELETE CASCADE ON UPDATE CASCADE,
  CONSTRAINT `cartitems_ibfk_43` FOREIGN KEY (`cartId`) REFERENCES `carts` (`id`) ON DELETE CASCADE ON UPDATE CASCADE,
  CONSTRAINT `cartitems_ibfk_44` FOREIGN KEY (`productId`) REFERENCES `products` (`id`) ON DELETE CASCADE ON UPDATE CASCADE,
  CONSTRAINT `cartitems_ibfk_45` FOREIGN KEY (`cartId`) REFERENCES `carts` (`id`) ON DELETE CASCADE ON UPDATE CASCADE,
  CONSTRAINT `cartitems_ibfk_46` FOREIGN KEY (`productId`) REFERENCES `products` (`id`) ON DELETE CASCADE ON UPDATE CASCADE,
  CONSTRAINT `cartitems_ibfk_47` FOREIGN KEY (`cartId`) REFERENCES `carts` (`id`) ON DELETE CASCADE ON UPDATE CASCADE,
  CONSTRAINT `cartitems_ibfk_48` FOREIGN KEY (`productId`) REFERENCES `products` (`id`) ON DELETE CASCADE ON UPDATE CASCADE,
  CONSTRAINT `cartitems_ibfk_49` FOREIGN KEY (`cartId`) REFERENCES `carts` (`id`) ON DELETE CASCADE ON UPDATE CASCADE,
  CONSTRAINT `cartitems_ibfk_5` FOREIGN KEY (`cartId`) REFERENCES `carts` (`id`) ON DELETE CASCADE ON UPDATE CASCADE,
  CONSTRAINT `cartitems_ibfk_50` FOREIGN KEY (`productId`) REFERENCES `products` (`id`) ON DELETE CASCADE ON UPDATE CASCADE,
  CONSTRAINT `cartitems_ibfk_51` FOREIGN KEY (`cartId`) REFERENCES `carts` (`id`) ON DELETE CASCADE ON UPDATE CASCADE,
  CONSTRAINT `cartitems_ibfk_52` FOREIGN KEY (`productId`) REFERENCES `products` (`id`) ON DELETE CASCADE ON UPDATE CASCADE,
  CONSTRAINT `cartitems_ibfk_53` FOREIGN KEY (`cartId`) REFERENCES `carts` (`id`) ON DELETE CASCADE ON UPDATE CASCADE,
  CONSTRAINT `cartitems_ibfk_54` FOREIGN KEY (`productId`) REFERENCES `products` (`id`) ON DELETE CASCADE ON UPDATE CASCADE,
  CONSTRAINT `cartitems_ibfk_55` FOREIGN KEY (`cartId`) REFERENCES `carts` (`id`) ON DELETE CASCADE ON UPDATE CASCADE,
  CONSTRAINT `cartitems_ibfk_56` FOREIGN KEY (`productId`) REFERENCES `products` (`id`) ON DELETE CASCADE ON UPDATE CASCADE,
  CONSTRAINT `cartitems_ibfk_57` FOREIGN KEY (`cartId`) REFERENCES `carts` (`id`) ON DELETE CASCADE ON UPDATE CASCADE,
  CONSTRAINT `cartitems_ibfk_58` FOREIGN KEY (`productId`) REFERENCES `products` (`id`) ON DELETE CASCADE ON UPDATE CASCADE,
  CONSTRAINT `cartitems_ibfk_59` FOREIGN KEY (`cartId`) REFERENCES `carts` (`id`) ON DELETE CASCADE ON UPDATE CASCADE,
  CONSTRAINT `cartitems_ibfk_6` FOREIGN KEY (`productId`) REFERENCES `products` (`id`) ON DELETE CASCADE ON UPDATE CASCADE,
  CONSTRAINT `cartitems_ibfk_60` FOREIGN KEY (`productId`) REFERENCES `products` (`id`) ON DELETE CASCADE ON UPDATE CASCADE,
  CONSTRAINT `cartitems_ibfk_61` FOREIGN KEY (`cartId`) REFERENCES `carts` (`id`) ON DELETE CASCADE ON UPDATE CASCADE,
  CONSTRAINT `cartitems_ibfk_62` FOREIGN KEY (`productId`) REFERENCES `products` (`id`) ON DELETE CASCADE ON UPDATE CASCADE,
  CONSTRAINT `cartitems_ibfk_63` FOREIGN KEY (`cartId`) REFERENCES `carts` (`id`) ON DELETE CASCADE ON UPDATE CASCADE,
  CONSTRAINT `cartitems_ibfk_64` FOREIGN KEY (`productId`) REFERENCES `products` (`id`) ON DELETE CASCADE ON UPDATE CASCADE,
  CONSTRAINT `cartitems_ibfk_65` FOREIGN KEY (`cartId`) REFERENCES `carts` (`id`) ON DELETE CASCADE ON UPDATE CASCADE,
  CONSTRAINT `cartitems_ibfk_66` FOREIGN KEY (`productId`) REFERENCES `products` (`id`) ON DELETE CASCADE ON UPDATE CASCADE,
  CONSTRAINT `cartitems_ibfk_67` FOREIGN KEY (`cartId`) REFERENCES `carts` (`id`) ON DELETE CASCADE ON UPDATE CASCADE,
  CONSTRAINT `cartitems_ibfk_68` FOREIGN KEY (`productId`) REFERENCES `products` (`id`) ON DELETE CASCADE ON UPDATE CASCADE,
  CONSTRAINT `cartitems_ibfk_69` FOREIGN KEY (`cartId`) REFERENCES `carts` (`id`) ON DELETE CASCADE ON UPDATE CASCADE,
  CONSTRAINT `cartitems_ibfk_7` FOREIGN KEY (`cartId`) REFERENCES `carts` (`id`) ON DELETE CASCADE ON UPDATE CASCADE,
  CONSTRAINT `cartitems_ibfk_70` FOREIGN KEY (`productId`) REFERENCES `products` (`id`) ON DELETE CASCADE ON UPDATE CASCADE,
  CONSTRAINT `cartitems_ibfk_71` FOREIGN KEY (`cartId`) REFERENCES `carts` (`id`) ON DELETE CASCADE ON UPDATE CASCADE,
  CONSTRAINT `cartitems_ibfk_72` FOREIGN KEY (`productId`) REFERENCES `products` (`id`) ON DELETE CASCADE ON UPDATE CASCADE,
  CONSTRAINT `cartitems_ibfk_73` FOREIGN KEY (`cartId`) REFERENCES `carts` (`id`) ON DELETE CASCADE ON UPDATE CASCADE,
  CONSTRAINT `cartitems_ibfk_74` FOREIGN KEY (`productId`) REFERENCES `products` (`id`) ON DELETE CASCADE ON UPDATE CASCADE,
  CONSTRAINT `cartitems_ibfk_75` FOREIGN KEY (`cartId`) REFERENCES `carts` (`id`) ON DELETE CASCADE ON UPDATE CASCADE,
  CONSTRAINT `cartitems_ibfk_76` FOREIGN KEY (`productId`) REFERENCES `products` (`id`) ON DELETE CASCADE ON UPDATE CASCADE,
  CONSTRAINT `cartitems_ibfk_77` FOREIGN KEY (`cartId`) REFERENCES `carts` (`id`) ON DELETE CASCADE ON UPDATE CASCADE,
  CONSTRAINT `cartitems_ibfk_78` FOREIGN KEY (`productId`) REFERENCES `products` (`id`) ON DELETE CASCADE ON UPDATE CASCADE,
  CONSTRAINT `cartitems_ibfk_79` FOREIGN KEY (`cartId`) REFERENCES `carts` (`id`) ON DELETE CASCADE ON UPDATE CASCADE,
  CONSTRAINT `cartitems_ibfk_8` FOREIGN KEY (`productId`) REFERENCES `products` (`id`) ON DELETE CASCADE ON UPDATE CASCADE,
  CONSTRAINT `cartitems_ibfk_80` FOREIGN KEY (`productId`) REFERENCES `products` (`id`) ON DELETE CASCADE ON UPDATE CASCADE,
  CONSTRAINT `cartitems_ibfk_81` FOREIGN KEY (`cartId`) REFERENCES `carts` (`id`) ON DELETE CASCADE ON UPDATE CASCADE,
  CONSTRAINT `cartitems_ibfk_82` FOREIGN KEY (`productId`) REFERENCES `products` (`id`) ON DELETE CASCADE ON UPDATE CASCADE,
  CONSTRAINT `cartitems_ibfk_83` FOREIGN KEY (`cartId`) REFERENCES `carts` (`id`) ON DELETE CASCADE ON UPDATE CASCADE,
  CONSTRAINT `cartitems_ibfk_84` FOREIGN KEY (`productId`) REFERENCES `products` (`id`) ON DELETE CASCADE ON UPDATE CASCADE,
  CONSTRAINT `cartitems_ibfk_85` FOREIGN KEY (`cartId`) REFERENCES `carts` (`id`) ON DELETE CASCADE ON UPDATE CASCADE,
  CONSTRAINT `cartitems_ibfk_86` FOREIGN KEY (`productId`) REFERENCES `products` (`id`) ON DELETE CASCADE ON UPDATE CASCADE,
  CONSTRAINT `cartitems_ibfk_87` FOREIGN KEY (`cartId`) REFERENCES `carts` (`id`) ON DELETE CASCADE ON UPDATE CASCADE,
  CONSTRAINT `cartitems_ibfk_88` FOREIGN KEY (`productId`) REFERENCES `products` (`id`) ON DELETE CASCADE ON UPDATE CASCADE,
  CONSTRAINT `cartitems_ibfk_89` FOREIGN KEY (`cartId`) REFERENCES `carts` (`id`) ON DELETE CASCADE ON UPDATE CASCADE,
  CONSTRAINT `cartitems_ibfk_9` FOREIGN KEY (`cartId`) REFERENCES `carts` (`id`) ON DELETE CASCADE ON UPDATE CASCADE,
  CONSTRAINT `cartitems_ibfk_90` FOREIGN KEY (`productId`) REFERENCES `products` (`id`) ON DELETE CASCADE ON UPDATE CASCADE,
  CONSTRAINT `cartitems_ibfk_91` FOREIGN KEY (`cartId`) REFERENCES `carts` (`id`) ON DELETE CASCADE ON UPDATE CASCADE,
  CONSTRAINT `cartitems_ibfk_92` FOREIGN KEY (`productId`) REFERENCES `products` (`id`) ON DELETE CASCADE ON UPDATE CASCADE,
  CONSTRAINT `cartitems_ibfk_93` FOREIGN KEY (`cartId`) REFERENCES `carts` (`id`) ON DELETE CASCADE ON UPDATE CASCADE,
  CONSTRAINT `cartitems_ibfk_94` FOREIGN KEY (`productId`) REFERENCES `products` (`id`) ON DELETE CASCADE ON UPDATE CASCADE,
  CONSTRAINT `cartitems_ibfk_95` FOREIGN KEY (`cartId`) REFERENCES `carts` (`id`) ON DELETE CASCADE ON UPDATE CASCADE,
  CONSTRAINT `cartitems_ibfk_96` FOREIGN KEY (`productId`) REFERENCES `products` (`id`) ON DELETE CASCADE ON UPDATE CASCADE,
  CONSTRAINT `cartitems_ibfk_97` FOREIGN KEY (`cartId`) REFERENCES `carts` (`id`) ON DELETE CASCADE ON UPDATE CASCADE,
  CONSTRAINT `cartitems_ibfk_98` FOREIGN KEY (`productId`) REFERENCES `products` (`id`) ON DELETE CASCADE ON UPDATE CASCADE,
  CONSTRAINT `cartitems_ibfk_99` FOREIGN KEY (`cartId`) REFERENCES `carts` (`id`) ON DELETE CASCADE ON UPDATE CASCADE
) ENGINE=InnoDB AUTO_INCREMENT=32 DEFAULT CHARSET=utf8mb4 COLLATE=utf8mb4_0900_ai_ci;
/*!40101 SET character_set_client = @saved_cs_client */;

--
-- Dumping data for table `cartitems`
--

LOCK TABLES `cartitems` WRITE;
/*!40000 ALTER TABLE `cartitems` DISABLE KEYS */;
INSERT INTO `cartitems` VALUES (22,7,10,2,255),(29,17,10,2,255),(30,18,10,1,255);
/*!40000 ALTER TABLE `cartitems` ENABLE KEYS */;
UNLOCK TABLES;

--
-- Table structure for table `carts`
--

DROP TABLE IF EXISTS `carts`;
/*!40101 SET @saved_cs_client     = @@character_set_client */;
/*!50503 SET character_set_client = utf8mb4 */;
CREATE TABLE `carts` (
  `id` int NOT NULL AUTO_INCREMENT,
  `userId` int NOT NULL,
  PRIMARY KEY (`id`),
  KEY `userId` (`userId`),
  CONSTRAINT `carts_ibfk_1` FOREIGN KEY (`userId`) REFERENCES `users` (`id`) ON DELETE CASCADE ON UPDATE CASCADE,
  CONSTRAINT `carts_ibfk_10` FOREIGN KEY (`userId`) REFERENCES `users` (`id`) ON DELETE CASCADE ON UPDATE CASCADE,
  CONSTRAINT `carts_ibfk_11` FOREIGN KEY (`userId`) REFERENCES `users` (`id`) ON DELETE CASCADE ON UPDATE CASCADE,
  CONSTRAINT `carts_ibfk_12` FOREIGN KEY (`userId`) REFERENCES `users` (`id`) ON DELETE CASCADE ON UPDATE CASCADE,
  CONSTRAINT `carts_ibfk_13` FOREIGN KEY (`userId`) REFERENCES `users` (`id`) ON DELETE CASCADE ON UPDATE CASCADE,
  CONSTRAINT `carts_ibfk_14` FOREIGN KEY (`userId`) REFERENCES `users` (`id`) ON DELETE CASCADE ON UPDATE CASCADE,
  CONSTRAINT `carts_ibfk_15` FOREIGN KEY (`userId`) REFERENCES `users` (`id`) ON DELETE CASCADE ON UPDATE CASCADE,
  CONSTRAINT `carts_ibfk_16` FOREIGN KEY (`userId`) REFERENCES `users` (`id`) ON DELETE CASCADE ON UPDATE CASCADE,
  CONSTRAINT `carts_ibfk_17` FOREIGN KEY (`userId`) REFERENCES `users` (`id`) ON DELETE CASCADE ON UPDATE CASCADE,
  CONSTRAINT `carts_ibfk_18` FOREIGN KEY (`userId`) REFERENCES `users` (`id`) ON DELETE CASCADE ON UPDATE CASCADE,
  CONSTRAINT `carts_ibfk_19` FOREIGN KEY (`userId`) REFERENCES `users` (`id`) ON DELETE CASCADE ON UPDATE CASCADE,
  CONSTRAINT `carts_ibfk_2` FOREIGN KEY (`userId`) REFERENCES `users` (`id`) ON DELETE CASCADE ON UPDATE CASCADE,
  CONSTRAINT `carts_ibfk_20` FOREIGN KEY (`userId`) REFERENCES `users` (`id`) ON DELETE CASCADE ON UPDATE CASCADE,
  CONSTRAINT `carts_ibfk_21` FOREIGN KEY (`userId`) REFERENCES `users` (`id`) ON DELETE CASCADE ON UPDATE CASCADE,
  CONSTRAINT `carts_ibfk_22` FOREIGN KEY (`userId`) REFERENCES `users` (`id`) ON DELETE CASCADE ON UPDATE CASCADE,
  CONSTRAINT `carts_ibfk_23` FOREIGN KEY (`userId`) REFERENCES `users` (`id`) ON DELETE CASCADE ON UPDATE CASCADE,
  CONSTRAINT `carts_ibfk_24` FOREIGN KEY (`userId`) REFERENCES `users` (`id`) ON DELETE CASCADE ON UPDATE CASCADE,
  CONSTRAINT `carts_ibfk_25` FOREIGN KEY (`userId`) REFERENCES `users` (`id`) ON DELETE CASCADE ON UPDATE CASCADE,
  CONSTRAINT `carts_ibfk_26` FOREIGN KEY (`userId`) REFERENCES `users` (`id`) ON DELETE CASCADE ON UPDATE CASCADE,
  CONSTRAINT `carts_ibfk_27` FOREIGN KEY (`userId`) REFERENCES `users` (`id`) ON DELETE CASCADE ON UPDATE CASCADE,
  CONSTRAINT `carts_ibfk_28` FOREIGN KEY (`userId`) REFERENCES `users` (`id`) ON DELETE CASCADE ON UPDATE CASCADE,
  CONSTRAINT `carts_ibfk_29` FOREIGN KEY (`userId`) REFERENCES `users` (`id`) ON DELETE CASCADE ON UPDATE CASCADE,
  CONSTRAINT `carts_ibfk_3` FOREIGN KEY (`userId`) REFERENCES `users` (`id`) ON DELETE CASCADE ON UPDATE CASCADE,
  CONSTRAINT `carts_ibfk_30` FOREIGN KEY (`userId`) REFERENCES `users` (`id`) ON DELETE CASCADE ON UPDATE CASCADE,
  CONSTRAINT `carts_ibfk_31` FOREIGN KEY (`userId`) REFERENCES `users` (`id`) ON DELETE CASCADE ON UPDATE CASCADE,
  CONSTRAINT `carts_ibfk_32` FOREIGN KEY (`userId`) REFERENCES `users` (`id`) ON DELETE CASCADE ON UPDATE CASCADE,
  CONSTRAINT `carts_ibfk_33` FOREIGN KEY (`userId`) REFERENCES `users` (`id`) ON DELETE CASCADE ON UPDATE CASCADE,
  CONSTRAINT `carts_ibfk_34` FOREIGN KEY (`userId`) REFERENCES `users` (`id`) ON DELETE CASCADE ON UPDATE CASCADE,
  CONSTRAINT `carts_ibfk_35` FOREIGN KEY (`userId`) REFERENCES `users` (`id`) ON DELETE CASCADE ON UPDATE CASCADE,
  CONSTRAINT `carts_ibfk_36` FOREIGN KEY (`userId`) REFERENCES `users` (`id`) ON DELETE CASCADE ON UPDATE CASCADE,
  CONSTRAINT `carts_ibfk_37` FOREIGN KEY (`userId`) REFERENCES `users` (`id`) ON DELETE CASCADE ON UPDATE CASCADE,
  CONSTRAINT `carts_ibfk_38` FOREIGN KEY (`userId`) REFERENCES `users` (`id`) ON DELETE CASCADE ON UPDATE CASCADE,
  CONSTRAINT `carts_ibfk_39` FOREIGN KEY (`userId`) REFERENCES `users` (`id`) ON DELETE CASCADE ON UPDATE CASCADE,
  CONSTRAINT `carts_ibfk_4` FOREIGN KEY (`userId`) REFERENCES `users` (`id`) ON DELETE CASCADE ON UPDATE CASCADE,
  CONSTRAINT `carts_ibfk_40` FOREIGN KEY (`userId`) REFERENCES `users` (`id`) ON DELETE CASCADE ON UPDATE CASCADE,
  CONSTRAINT `carts_ibfk_41` FOREIGN KEY (`userId`) REFERENCES `users` (`id`) ON DELETE CASCADE ON UPDATE CASCADE,
  CONSTRAINT `carts_ibfk_42` FOREIGN KEY (`userId`) REFERENCES `users` (`id`) ON DELETE CASCADE ON UPDATE CASCADE,
  CONSTRAINT `carts_ibfk_43` FOREIGN KEY (`userId`) REFERENCES `users` (`id`) ON DELETE CASCADE ON UPDATE CASCADE,
  CONSTRAINT `carts_ibfk_44` FOREIGN KEY (`userId`) REFERENCES `users` (`id`) ON DELETE CASCADE ON UPDATE CASCADE,
  CONSTRAINT `carts_ibfk_45` FOREIGN KEY (`userId`) REFERENCES `users` (`id`) ON DELETE CASCADE ON UPDATE CASCADE,
  CONSTRAINT `carts_ibfk_46` FOREIGN KEY (`userId`) REFERENCES `users` (`id`) ON DELETE CASCADE ON UPDATE CASCADE,
  CONSTRAINT `carts_ibfk_47` FOREIGN KEY (`userId`) REFERENCES `users` (`id`) ON DELETE CASCADE ON UPDATE CASCADE,
  CONSTRAINT `carts_ibfk_48` FOREIGN KEY (`userId`) REFERENCES `users` (`id`) ON DELETE CASCADE ON UPDATE CASCADE,
  CONSTRAINT `carts_ibfk_49` FOREIGN KEY (`userId`) REFERENCES `users` (`id`) ON DELETE CASCADE ON UPDATE CASCADE,
  CONSTRAINT `carts_ibfk_5` FOREIGN KEY (`userId`) REFERENCES `users` (`id`) ON DELETE CASCADE ON UPDATE CASCADE,
  CONSTRAINT `carts_ibfk_50` FOREIGN KEY (`userId`) REFERENCES `users` (`id`) ON DELETE CASCADE ON UPDATE CASCADE,
  CONSTRAINT `carts_ibfk_51` FOREIGN KEY (`userId`) REFERENCES `users` (`id`) ON DELETE CASCADE ON UPDATE CASCADE,
  CONSTRAINT `carts_ibfk_52` FOREIGN KEY (`userId`) REFERENCES `users` (`id`) ON DELETE CASCADE ON UPDATE CASCADE,
  CONSTRAINT `carts_ibfk_53` FOREIGN KEY (`userId`) REFERENCES `users` (`id`) ON DELETE CASCADE ON UPDATE CASCADE,
  CONSTRAINT `carts_ibfk_54` FOREIGN KEY (`userId`) REFERENCES `users` (`id`) ON DELETE CASCADE ON UPDATE CASCADE,
  CONSTRAINT `carts_ibfk_55` FOREIGN KEY (`userId`) REFERENCES `users` (`id`) ON DELETE CASCADE ON UPDATE CASCADE,
  CONSTRAINT `carts_ibfk_56` FOREIGN KEY (`userId`) REFERENCES `users` (`id`) ON DELETE CASCADE ON UPDATE CASCADE,
  CONSTRAINT `carts_ibfk_57` FOREIGN KEY (`userId`) REFERENCES `users` (`id`) ON DELETE CASCADE ON UPDATE CASCADE,
  CONSTRAINT `carts_ibfk_58` FOREIGN KEY (`userId`) REFERENCES `users` (`id`) ON DELETE CASCADE ON UPDATE CASCADE,
  CONSTRAINT `carts_ibfk_59` FOREIGN KEY (`userId`) REFERENCES `users` (`id`) ON DELETE CASCADE ON UPDATE CASCADE,
  CONSTRAINT `carts_ibfk_6` FOREIGN KEY (`userId`) REFERENCES `users` (`id`) ON DELETE CASCADE ON UPDATE CASCADE,
  CONSTRAINT `carts_ibfk_60` FOREIGN KEY (`userId`) REFERENCES `users` (`id`) ON DELETE CASCADE ON UPDATE CASCADE,
  CONSTRAINT `carts_ibfk_61` FOREIGN KEY (`userId`) REFERENCES `users` (`id`) ON DELETE CASCADE ON UPDATE CASCADE,
  CONSTRAINT `carts_ibfk_7` FOREIGN KEY (`userId`) REFERENCES `users` (`id`) ON DELETE CASCADE ON UPDATE CASCADE,
  CONSTRAINT `carts_ibfk_8` FOREIGN KEY (`userId`) REFERENCES `users` (`id`) ON DELETE CASCADE ON UPDATE CASCADE,
  CONSTRAINT `carts_ibfk_9` FOREIGN KEY (`userId`) REFERENCES `users` (`id`) ON DELETE CASCADE ON UPDATE CASCADE
) ENGINE=InnoDB AUTO_INCREMENT=19 DEFAULT CHARSET=utf8mb4 COLLATE=utf8mb4_0900_ai_ci;
/*!40101 SET character_set_client = @saved_cs_client */;

--
-- Dumping data for table `carts`
--

LOCK TABLES `carts` WRITE;
/*!40000 ALTER TABLE `carts` DISABLE KEYS */;
INSERT INTO `carts` VALUES (7,4),(16,5),(17,7),(18,8);
/*!40000 ALTER TABLE `carts` ENABLE KEYS */;
UNLOCK TABLES;

--
-- Table structure for table `order_items`
--

DROP TABLE IF EXISTS `order_items`;
/*!40101 SET @saved_cs_client     = @@character_set_client */;
/*!50503 SET character_set_client = utf8mb4 */;
CREATE TABLE `order_items` (
  `id` int NOT NULL AUTO_INCREMENT,
  `orderId` int NOT NULL,
  `productId` int DEFAULT NULL,
  `quantity` int NOT NULL,
  `price` decimal(10,2) NOT NULL,
  `createdAt` timestamp NULL DEFAULT CURRENT_TIMESTAMP,
  `updatedAt` datetime NOT NULL,
  PRIMARY KEY (`id`),
  KEY `orderId` (`orderId`),
  KEY `productId` (`productId`),
  CONSTRAINT `fk_order_items_product` FOREIGN KEY (`productId`) REFERENCES `products` (`id`),
  CONSTRAINT `order_items_ibfk_1` FOREIGN KEY (`orderId`) REFERENCES `orders` (`id`) ON DELETE CASCADE ON UPDATE CASCADE,
  CONSTRAINT `order_items_ibfk_10` FOREIGN KEY (`orderId`) REFERENCES `orders` (`id`) ON DELETE CASCADE ON UPDATE CASCADE,
  CONSTRAINT `order_items_ibfk_100` FOREIGN KEY (`orderId`) REFERENCES `orders` (`id`) ON DELETE CASCADE ON UPDATE CASCADE,
  CONSTRAINT `order_items_ibfk_101` FOREIGN KEY (`productId`) REFERENCES `products` (`id`) ON DELETE CASCADE ON UPDATE CASCADE,
  CONSTRAINT `order_items_ibfk_102` FOREIGN KEY (`orderId`) REFERENCES `orders` (`id`) ON DELETE CASCADE ON UPDATE CASCADE,
  CONSTRAINT `order_items_ibfk_103` FOREIGN KEY (`productId`) REFERENCES `products` (`id`) ON DELETE CASCADE ON UPDATE CASCADE,
  CONSTRAINT `order_items_ibfk_104` FOREIGN KEY (`orderId`) REFERENCES `orders` (`id`) ON DELETE CASCADE ON UPDATE CASCADE,
  CONSTRAINT `order_items_ibfk_105` FOREIGN KEY (`productId`) REFERENCES `products` (`id`) ON DELETE CASCADE ON UPDATE CASCADE,
  CONSTRAINT `order_items_ibfk_11` FOREIGN KEY (`productId`) REFERENCES `products` (`id`) ON DELETE CASCADE ON UPDATE CASCADE,
  CONSTRAINT `order_items_ibfk_12` FOREIGN KEY (`orderId`) REFERENCES `orders` (`id`) ON DELETE CASCADE ON UPDATE CASCADE,
  CONSTRAINT `order_items_ibfk_13` FOREIGN KEY (`productId`) REFERENCES `products` (`id`) ON DELETE CASCADE ON UPDATE CASCADE,
  CONSTRAINT `order_items_ibfk_14` FOREIGN KEY (`orderId`) REFERENCES `orders` (`id`) ON DELETE CASCADE ON UPDATE CASCADE,
  CONSTRAINT `order_items_ibfk_15` FOREIGN KEY (`productId`) REFERENCES `products` (`id`) ON DELETE CASCADE ON UPDATE CASCADE,
  CONSTRAINT `order_items_ibfk_16` FOREIGN KEY (`orderId`) REFERENCES `orders` (`id`) ON DELETE CASCADE ON UPDATE CASCADE,
  CONSTRAINT `order_items_ibfk_17` FOREIGN KEY (`productId`) REFERENCES `products` (`id`) ON DELETE CASCADE ON UPDATE CASCADE,
  CONSTRAINT `order_items_ibfk_18` FOREIGN KEY (`orderId`) REFERENCES `orders` (`id`) ON DELETE CASCADE ON UPDATE CASCADE,
  CONSTRAINT `order_items_ibfk_19` FOREIGN KEY (`productId`) REFERENCES `products` (`id`) ON DELETE CASCADE ON UPDATE CASCADE,
  CONSTRAINT `order_items_ibfk_2` FOREIGN KEY (`orderId`) REFERENCES `orders` (`id`) ON DELETE CASCADE ON UPDATE CASCADE,
  CONSTRAINT `order_items_ibfk_20` FOREIGN KEY (`orderId`) REFERENCES `orders` (`id`) ON DELETE CASCADE ON UPDATE CASCADE,
  CONSTRAINT `order_items_ibfk_21` FOREIGN KEY (`productId`) REFERENCES `products` (`id`) ON DELETE CASCADE ON UPDATE CASCADE,
  CONSTRAINT `order_items_ibfk_22` FOREIGN KEY (`orderId`) REFERENCES `orders` (`id`) ON DELETE CASCADE ON UPDATE CASCADE,
  CONSTRAINT `order_items_ibfk_23` FOREIGN KEY (`productId`) REFERENCES `products` (`id`) ON DELETE CASCADE ON UPDATE CASCADE,
  CONSTRAINT `order_items_ibfk_24` FOREIGN KEY (`orderId`) REFERENCES `orders` (`id`) ON DELETE CASCADE ON UPDATE CASCADE,
  CONSTRAINT `order_items_ibfk_25` FOREIGN KEY (`productId`) REFERENCES `products` (`id`) ON DELETE CASCADE ON UPDATE CASCADE,
  CONSTRAINT `order_items_ibfk_26` FOREIGN KEY (`orderId`) REFERENCES `orders` (`id`) ON DELETE CASCADE ON UPDATE CASCADE,
  CONSTRAINT `order_items_ibfk_27` FOREIGN KEY (`productId`) REFERENCES `products` (`id`) ON DELETE CASCADE ON UPDATE CASCADE,
  CONSTRAINT `order_items_ibfk_28` FOREIGN KEY (`orderId`) REFERENCES `orders` (`id`) ON DELETE CASCADE ON UPDATE CASCADE,
  CONSTRAINT `order_items_ibfk_29` FOREIGN KEY (`productId`) REFERENCES `products` (`id`) ON DELETE CASCADE ON UPDATE CASCADE,
  CONSTRAINT `order_items_ibfk_3` FOREIGN KEY (`productId`) REFERENCES `products` (`id`) ON DELETE CASCADE ON UPDATE CASCADE,
  CONSTRAINT `order_items_ibfk_30` FOREIGN KEY (`orderId`) REFERENCES `orders` (`id`) ON DELETE CASCADE ON UPDATE CASCADE,
  CONSTRAINT `order_items_ibfk_31` FOREIGN KEY (`productId`) REFERENCES `products` (`id`) ON DELETE CASCADE ON UPDATE CASCADE,
  CONSTRAINT `order_items_ibfk_32` FOREIGN KEY (`orderId`) REFERENCES `orders` (`id`) ON DELETE CASCADE ON UPDATE CASCADE,
  CONSTRAINT `order_items_ibfk_33` FOREIGN KEY (`productId`) REFERENCES `products` (`id`) ON DELETE CASCADE ON UPDATE CASCADE,
  CONSTRAINT `order_items_ibfk_34` FOREIGN KEY (`orderId`) REFERENCES `orders` (`id`) ON DELETE CASCADE ON UPDATE CASCADE,
  CONSTRAINT `order_items_ibfk_35` FOREIGN KEY (`productId`) REFERENCES `products` (`id`) ON DELETE CASCADE ON UPDATE CASCADE,
  CONSTRAINT `order_items_ibfk_36` FOREIGN KEY (`orderId`) REFERENCES `orders` (`id`) ON DELETE CASCADE ON UPDATE CASCADE,
  CONSTRAINT `order_items_ibfk_37` FOREIGN KEY (`productId`) REFERENCES `products` (`id`) ON DELETE CASCADE ON UPDATE CASCADE,
  CONSTRAINT `order_items_ibfk_38` FOREIGN KEY (`orderId`) REFERENCES `orders` (`id`) ON DELETE CASCADE ON UPDATE CASCADE,
  CONSTRAINT `order_items_ibfk_39` FOREIGN KEY (`productId`) REFERENCES `products` (`id`) ON DELETE CASCADE ON UPDATE CASCADE,
  CONSTRAINT `order_items_ibfk_4` FOREIGN KEY (`orderId`) REFERENCES `orders` (`id`) ON DELETE CASCADE ON UPDATE CASCADE,
  CONSTRAINT `order_items_ibfk_40` FOREIGN KEY (`orderId`) REFERENCES `orders` (`id`) ON DELETE CASCADE ON UPDATE CASCADE,
  CONSTRAINT `order_items_ibfk_41` FOREIGN KEY (`productId`) REFERENCES `products` (`id`) ON DELETE CASCADE ON UPDATE CASCADE,
  CONSTRAINT `order_items_ibfk_42` FOREIGN KEY (`orderId`) REFERENCES `orders` (`id`) ON DELETE CASCADE ON UPDATE CASCADE,
  CONSTRAINT `order_items_ibfk_43` FOREIGN KEY (`productId`) REFERENCES `products` (`id`) ON DELETE CASCADE ON UPDATE CASCADE,
  CONSTRAINT `order_items_ibfk_44` FOREIGN KEY (`orderId`) REFERENCES `orders` (`id`) ON DELETE CASCADE ON UPDATE CASCADE,
  CONSTRAINT `order_items_ibfk_45` FOREIGN KEY (`productId`) REFERENCES `products` (`id`) ON DELETE CASCADE ON UPDATE CASCADE,
  CONSTRAINT `order_items_ibfk_46` FOREIGN KEY (`orderId`) REFERENCES `orders` (`id`) ON DELETE CASCADE ON UPDATE CASCADE,
  CONSTRAINT `order_items_ibfk_47` FOREIGN KEY (`productId`) REFERENCES `products` (`id`) ON DELETE CASCADE ON UPDATE CASCADE,
  CONSTRAINT `order_items_ibfk_48` FOREIGN KEY (`orderId`) REFERENCES `orders` (`id`) ON DELETE CASCADE ON UPDATE CASCADE,
  CONSTRAINT `order_items_ibfk_49` FOREIGN KEY (`productId`) REFERENCES `products` (`id`) ON DELETE CASCADE ON UPDATE CASCADE,
  CONSTRAINT `order_items_ibfk_5` FOREIGN KEY (`productId`) REFERENCES `products` (`id`) ON DELETE CASCADE ON UPDATE CASCADE,
  CONSTRAINT `order_items_ibfk_50` FOREIGN KEY (`orderId`) REFERENCES `orders` (`id`) ON DELETE CASCADE ON UPDATE CASCADE,
  CONSTRAINT `order_items_ibfk_51` FOREIGN KEY (`productId`) REFERENCES `products` (`id`) ON DELETE CASCADE ON UPDATE CASCADE,
  CONSTRAINT `order_items_ibfk_52` FOREIGN KEY (`orderId`) REFERENCES `orders` (`id`) ON DELETE CASCADE ON UPDATE CASCADE,
  CONSTRAINT `order_items_ibfk_53` FOREIGN KEY (`productId`) REFERENCES `products` (`id`) ON DELETE CASCADE ON UPDATE CASCADE,
  CONSTRAINT `order_items_ibfk_54` FOREIGN KEY (`orderId`) REFERENCES `orders` (`id`) ON DELETE CASCADE ON UPDATE CASCADE,
  CONSTRAINT `order_items_ibfk_55` FOREIGN KEY (`productId`) REFERENCES `products` (`id`) ON DELETE CASCADE ON UPDATE CASCADE,
  CONSTRAINT `order_items_ibfk_56` FOREIGN KEY (`orderId`) REFERENCES `orders` (`id`) ON DELETE CASCADE ON UPDATE CASCADE,
  CONSTRAINT `order_items_ibfk_57` FOREIGN KEY (`productId`) REFERENCES `products` (`id`) ON DELETE CASCADE ON UPDATE CASCADE,
  CONSTRAINT `order_items_ibfk_58` FOREIGN KEY (`orderId`) REFERENCES `orders` (`id`) ON DELETE CASCADE ON UPDATE CASCADE,
  CONSTRAINT `order_items_ibfk_59` FOREIGN KEY (`productId`) REFERENCES `products` (`id`) ON DELETE CASCADE ON UPDATE CASCADE,
  CONSTRAINT `order_items_ibfk_6` FOREIGN KEY (`orderId`) REFERENCES `orders` (`id`) ON DELETE CASCADE ON UPDATE CASCADE,
  CONSTRAINT `order_items_ibfk_60` FOREIGN KEY (`orderId`) REFERENCES `orders` (`id`) ON DELETE CASCADE ON UPDATE CASCADE,
  CONSTRAINT `order_items_ibfk_61` FOREIGN KEY (`productId`) REFERENCES `products` (`id`) ON DELETE CASCADE ON UPDATE CASCADE,
  CONSTRAINT `order_items_ibfk_62` FOREIGN KEY (`orderId`) REFERENCES `orders` (`id`) ON DELETE CASCADE ON UPDATE CASCADE,
  CONSTRAINT `order_items_ibfk_63` FOREIGN KEY (`productId`) REFERENCES `products` (`id`) ON DELETE CASCADE ON UPDATE CASCADE,
  CONSTRAINT `order_items_ibfk_64` FOREIGN KEY (`orderId`) REFERENCES `orders` (`id`) ON DELETE CASCADE ON UPDATE CASCADE,
  CONSTRAINT `order_items_ibfk_65` FOREIGN KEY (`productId`) REFERENCES `products` (`id`) ON DELETE CASCADE ON UPDATE CASCADE,
  CONSTRAINT `order_items_ibfk_66` FOREIGN KEY (`orderId`) REFERENCES `orders` (`id`) ON DELETE CASCADE ON UPDATE CASCADE,
  CONSTRAINT `order_items_ibfk_67` FOREIGN KEY (`productId`) REFERENCES `products` (`id`) ON DELETE CASCADE ON UPDATE CASCADE,
  CONSTRAINT `order_items_ibfk_68` FOREIGN KEY (`orderId`) REFERENCES `orders` (`id`) ON DELETE CASCADE ON UPDATE CASCADE,
  CONSTRAINT `order_items_ibfk_69` FOREIGN KEY (`productId`) REFERENCES `products` (`id`) ON DELETE CASCADE ON UPDATE CASCADE,
  CONSTRAINT `order_items_ibfk_7` FOREIGN KEY (`productId`) REFERENCES `products` (`id`) ON DELETE CASCADE ON UPDATE CASCADE,
  CONSTRAINT `order_items_ibfk_70` FOREIGN KEY (`orderId`) REFERENCES `orders` (`id`) ON DELETE CASCADE ON UPDATE CASCADE,
  CONSTRAINT `order_items_ibfk_71` FOREIGN KEY (`productId`) REFERENCES `products` (`id`) ON DELETE CASCADE ON UPDATE CASCADE,
  CONSTRAINT `order_items_ibfk_72` FOREIGN KEY (`orderId`) REFERENCES `orders` (`id`) ON DELETE CASCADE ON UPDATE CASCADE,
  CONSTRAINT `order_items_ibfk_73` FOREIGN KEY (`productId`) REFERENCES `products` (`id`) ON DELETE CASCADE ON UPDATE CASCADE,
  CONSTRAINT `order_items_ibfk_74` FOREIGN KEY (`orderId`) REFERENCES `orders` (`id`) ON DELETE CASCADE ON UPDATE CASCADE,
  CONSTRAINT `order_items_ibfk_75` FOREIGN KEY (`productId`) REFERENCES `products` (`id`) ON DELETE CASCADE ON UPDATE CASCADE,
  CONSTRAINT `order_items_ibfk_76` FOREIGN KEY (`orderId`) REFERENCES `orders` (`id`) ON DELETE CASCADE ON UPDATE CASCADE,
  CONSTRAINT `order_items_ibfk_77` FOREIGN KEY (`productId`) REFERENCES `products` (`id`) ON DELETE CASCADE ON UPDATE CASCADE,
  CONSTRAINT `order_items_ibfk_78` FOREIGN KEY (`orderId`) REFERENCES `orders` (`id`) ON DELETE CASCADE ON UPDATE CASCADE,
  CONSTRAINT `order_items_ibfk_79` FOREIGN KEY (`productId`) REFERENCES `products` (`id`) ON DELETE CASCADE ON UPDATE CASCADE,
  CONSTRAINT `order_items_ibfk_8` FOREIGN KEY (`orderId`) REFERENCES `orders` (`id`) ON DELETE CASCADE ON UPDATE CASCADE,
  CONSTRAINT `order_items_ibfk_80` FOREIGN KEY (`orderId`) REFERENCES `orders` (`id`) ON DELETE CASCADE ON UPDATE CASCADE,
  CONSTRAINT `order_items_ibfk_81` FOREIGN KEY (`productId`) REFERENCES `products` (`id`) ON DELETE CASCADE ON UPDATE CASCADE,
  CONSTRAINT `order_items_ibfk_82` FOREIGN KEY (`orderId`) REFERENCES `orders` (`id`) ON DELETE CASCADE ON UPDATE CASCADE,
  CONSTRAINT `order_items_ibfk_83` FOREIGN KEY (`productId`) REFERENCES `products` (`id`) ON DELETE CASCADE ON UPDATE CASCADE,
  CONSTRAINT `order_items_ibfk_84` FOREIGN KEY (`orderId`) REFERENCES `orders` (`id`) ON DELETE CASCADE ON UPDATE CASCADE,
  CONSTRAINT `order_items_ibfk_85` FOREIGN KEY (`productId`) REFERENCES `products` (`id`) ON DELETE CASCADE ON UPDATE CASCADE,
  CONSTRAINT `order_items_ibfk_86` FOREIGN KEY (`orderId`) REFERENCES `orders` (`id`) ON DELETE CASCADE ON UPDATE CASCADE,
  CONSTRAINT `order_items_ibfk_87` FOREIGN KEY (`productId`) REFERENCES `products` (`id`) ON DELETE CASCADE ON UPDATE CASCADE,
  CONSTRAINT `order_items_ibfk_88` FOREIGN KEY (`orderId`) REFERENCES `orders` (`id`) ON DELETE CASCADE ON UPDATE CASCADE,
  CONSTRAINT `order_items_ibfk_89` FOREIGN KEY (`productId`) REFERENCES `products` (`id`) ON DELETE CASCADE ON UPDATE CASCADE,
  CONSTRAINT `order_items_ibfk_9` FOREIGN KEY (`productId`) REFERENCES `products` (`id`) ON DELETE CASCADE ON UPDATE CASCADE,
  CONSTRAINT `order_items_ibfk_90` FOREIGN KEY (`orderId`) REFERENCES `orders` (`id`) ON DELETE CASCADE ON UPDATE CASCADE,
  CONSTRAINT `order_items_ibfk_91` FOREIGN KEY (`productId`) REFERENCES `products` (`id`) ON DELETE CASCADE ON UPDATE CASCADE,
  CONSTRAINT `order_items_ibfk_92` FOREIGN KEY (`orderId`) REFERENCES `orders` (`id`) ON DELETE CASCADE ON UPDATE CASCADE,
  CONSTRAINT `order_items_ibfk_93` FOREIGN KEY (`productId`) REFERENCES `products` (`id`) ON DELETE CASCADE ON UPDATE CASCADE,
  CONSTRAINT `order_items_ibfk_94` FOREIGN KEY (`orderId`) REFERENCES `orders` (`id`) ON DELETE CASCADE ON UPDATE CASCADE,
  CONSTRAINT `order_items_ibfk_95` FOREIGN KEY (`productId`) REFERENCES `products` (`id`) ON DELETE CASCADE ON UPDATE CASCADE,
  CONSTRAINT `order_items_ibfk_96` FOREIGN KEY (`orderId`) REFERENCES `orders` (`id`) ON DELETE CASCADE ON UPDATE CASCADE,
  CONSTRAINT `order_items_ibfk_97` FOREIGN KEY (`productId`) REFERENCES `products` (`id`) ON DELETE CASCADE ON UPDATE CASCADE,
  CONSTRAINT `order_items_ibfk_98` FOREIGN KEY (`orderId`) REFERENCES `orders` (`id`) ON DELETE CASCADE ON UPDATE CASCADE,
  CONSTRAINT `order_items_ibfk_99` FOREIGN KEY (`productId`) REFERENCES `products` (`id`) ON DELETE CASCADE ON UPDATE CASCADE
) ENGINE=InnoDB AUTO_INCREMENT=50 DEFAULT CHARSET=utf8mb4 COLLATE=utf8mb4_0900_ai_ci;
/*!40101 SET character_set_client = @saved_cs_client */;

--
-- Dumping data for table `order_items`
--

LOCK TABLES `order_items` WRITE;
/*!40000 ALTER TABLE `order_items` DISABLE KEYS */;
INSERT INTO `order_items` VALUES (34,128,10,1,544.00,'2026-02-12 10:57:45','2026-02-12 16:27:45'),(35,129,10,1,544.00,'2026-02-12 10:59:04','2026-02-12 16:29:04'),(36,130,13,1,544.00,'2026-02-13 00:17:08','2026-02-13 05:47:08'),(37,131,13,1,544.00,'2026-02-13 00:17:43','2026-02-13 05:47:43'),(38,132,13,1,250.00,'2026-02-28 10:50:49','2026-02-28 16:20:49'),(39,133,14,1,66.00,'2026-02-28 11:58:20','2026-02-28 17:28:20'),(40,134,13,1,250.00,'2026-03-01 06:06:00','2026-03-01 11:36:00'),(41,135,10,1,255.00,'2026-03-04 06:07:21','2026-03-04 11:37:21'),(42,136,10,1,255.00,'2026-03-04 07:50:26','2026-03-04 13:20:26'),(43,136,13,1,250.00,'2026-03-04 07:50:26','2026-03-04 13:20:26'),(44,137,10,1,255.00,'2026-03-12 10:51:31','2026-03-12 16:21:31'),(45,138,10,1,255.00,'2026-03-23 00:49:07','2026-03-23 06:19:07'),(46,139,28,1,250.00,'2026-03-26 11:07:54','2026-03-26 16:37:54'),(47,140,13,1,250.00,'2026-03-26 22:51:52','2026-03-27 04:21:52'),(48,140,10,1,255.00,'2026-03-26 22:51:52','2026-03-27 04:21:52'),(49,164,10,1,255.00,'2026-04-09 10:35:21','2026-04-09 10:35:21');
/*!40000 ALTER TABLE `order_items` ENABLE KEYS */;
UNLOCK TABLES;

--
-- Table structure for table `orders`
--

DROP TABLE IF EXISTS `orders`;
/*!40101 SET @saved_cs_client     = @@character_set_client */;
/*!50503 SET character_set_client = utf8mb4 */;
CREATE TABLE `orders` (
  `id` int NOT NULL AUTO_INCREMENT,
  `userId` int NOT NULL,
  `totalAmount` float NOT NULL DEFAULT '0',
  `status` varchar(255) DEFAULT 'pending',
  `createdAt` timestamp NULL DEFAULT CURRENT_TIMESTAMP,
  `updatedAt` datetime NOT NULL DEFAULT CURRENT_TIMESTAMP ON UPDATE CURRENT_TIMESTAMP,
  PRIMARY KEY (`id`),
  KEY `userId` (`userId`),
  CONSTRAINT `orders_ibfk_1` FOREIGN KEY (`userId`) REFERENCES `users` (`id`) ON DELETE CASCADE ON UPDATE CASCADE,
  CONSTRAINT `orders_ibfk_10` FOREIGN KEY (`userId`) REFERENCES `users` (`id`) ON DELETE CASCADE ON UPDATE CASCADE,
  CONSTRAINT `orders_ibfk_11` FOREIGN KEY (`userId`) REFERENCES `users` (`id`) ON DELETE CASCADE ON UPDATE CASCADE,
  CONSTRAINT `orders_ibfk_12` FOREIGN KEY (`userId`) REFERENCES `users` (`id`) ON DELETE CASCADE ON UPDATE CASCADE,
  CONSTRAINT `orders_ibfk_13` FOREIGN KEY (`userId`) REFERENCES `users` (`id`) ON DELETE CASCADE ON UPDATE CASCADE,
  CONSTRAINT `orders_ibfk_14` FOREIGN KEY (`userId`) REFERENCES `users` (`id`) ON DELETE CASCADE ON UPDATE CASCADE,
  CONSTRAINT `orders_ibfk_15` FOREIGN KEY (`userId`) REFERENCES `users` (`id`) ON DELETE CASCADE ON UPDATE CASCADE,
  CONSTRAINT `orders_ibfk_16` FOREIGN KEY (`userId`) REFERENCES `users` (`id`) ON DELETE CASCADE ON UPDATE CASCADE,
  CONSTRAINT `orders_ibfk_17` FOREIGN KEY (`userId`) REFERENCES `users` (`id`) ON DELETE CASCADE ON UPDATE CASCADE,
  CONSTRAINT `orders_ibfk_18` FOREIGN KEY (`userId`) REFERENCES `users` (`id`) ON DELETE CASCADE ON UPDATE CASCADE,
  CONSTRAINT `orders_ibfk_19` FOREIGN KEY (`userId`) REFERENCES `users` (`id`) ON DELETE CASCADE ON UPDATE CASCADE,
  CONSTRAINT `orders_ibfk_2` FOREIGN KEY (`userId`) REFERENCES `users` (`id`) ON DELETE CASCADE ON UPDATE CASCADE,
  CONSTRAINT `orders_ibfk_20` FOREIGN KEY (`userId`) REFERENCES `users` (`id`) ON DELETE CASCADE ON UPDATE CASCADE,
  CONSTRAINT `orders_ibfk_21` FOREIGN KEY (`userId`) REFERENCES `users` (`id`) ON DELETE CASCADE ON UPDATE CASCADE,
  CONSTRAINT `orders_ibfk_22` FOREIGN KEY (`userId`) REFERENCES `users` (`id`) ON DELETE CASCADE ON UPDATE CASCADE,
  CONSTRAINT `orders_ibfk_23` FOREIGN KEY (`userId`) REFERENCES `users` (`id`) ON DELETE CASCADE ON UPDATE CASCADE,
  CONSTRAINT `orders_ibfk_24` FOREIGN KEY (`userId`) REFERENCES `users` (`id`) ON DELETE CASCADE ON UPDATE CASCADE,
  CONSTRAINT `orders_ibfk_25` FOREIGN KEY (`userId`) REFERENCES `users` (`id`) ON DELETE CASCADE ON UPDATE CASCADE,
  CONSTRAINT `orders_ibfk_26` FOREIGN KEY (`userId`) REFERENCES `users` (`id`) ON DELETE CASCADE ON UPDATE CASCADE,
  CONSTRAINT `orders_ibfk_27` FOREIGN KEY (`userId`) REFERENCES `users` (`id`) ON DELETE CASCADE ON UPDATE CASCADE,
  CONSTRAINT `orders_ibfk_28` FOREIGN KEY (`userId`) REFERENCES `users` (`id`) ON DELETE CASCADE ON UPDATE CASCADE,
  CONSTRAINT `orders_ibfk_29` FOREIGN KEY (`userId`) REFERENCES `users` (`id`) ON DELETE CASCADE ON UPDATE CASCADE,
  CONSTRAINT `orders_ibfk_3` FOREIGN KEY (`userId`) REFERENCES `users` (`id`) ON DELETE CASCADE ON UPDATE CASCADE,
  CONSTRAINT `orders_ibfk_30` FOREIGN KEY (`userId`) REFERENCES `users` (`id`) ON DELETE CASCADE ON UPDATE CASCADE,
  CONSTRAINT `orders_ibfk_31` FOREIGN KEY (`userId`) REFERENCES `users` (`id`) ON DELETE CASCADE ON UPDATE CASCADE,
  CONSTRAINT `orders_ibfk_32` FOREIGN KEY (`userId`) REFERENCES `users` (`id`) ON DELETE CASCADE ON UPDATE CASCADE,
  CONSTRAINT `orders_ibfk_33` FOREIGN KEY (`userId`) REFERENCES `users` (`id`) ON DELETE CASCADE ON UPDATE CASCADE,
  CONSTRAINT `orders_ibfk_34` FOREIGN KEY (`userId`) REFERENCES `users` (`id`) ON DELETE CASCADE ON UPDATE CASCADE,
  CONSTRAINT `orders_ibfk_35` FOREIGN KEY (`userId`) REFERENCES `users` (`id`) ON DELETE CASCADE ON UPDATE CASCADE,
  CONSTRAINT `orders_ibfk_36` FOREIGN KEY (`userId`) REFERENCES `users` (`id`) ON DELETE CASCADE ON UPDATE CASCADE,
  CONSTRAINT `orders_ibfk_37` FOREIGN KEY (`userId`) REFERENCES `users` (`id`) ON DELETE CASCADE ON UPDATE CASCADE,
  CONSTRAINT `orders_ibfk_38` FOREIGN KEY (`userId`) REFERENCES `users` (`id`) ON DELETE CASCADE ON UPDATE CASCADE,
  CONSTRAINT `orders_ibfk_39` FOREIGN KEY (`userId`) REFERENCES `users` (`id`) ON DELETE CASCADE ON UPDATE CASCADE,
  CONSTRAINT `orders_ibfk_4` FOREIGN KEY (`userId`) REFERENCES `users` (`id`) ON DELETE CASCADE ON UPDATE CASCADE,
  CONSTRAINT `orders_ibfk_40` FOREIGN KEY (`userId`) REFERENCES `users` (`id`) ON DELETE CASCADE ON UPDATE CASCADE,
  CONSTRAINT `orders_ibfk_41` FOREIGN KEY (`userId`) REFERENCES `users` (`id`) ON DELETE CASCADE ON UPDATE CASCADE,
  CONSTRAINT `orders_ibfk_42` FOREIGN KEY (`userId`) REFERENCES `users` (`id`) ON DELETE CASCADE ON UPDATE CASCADE,
  CONSTRAINT `orders_ibfk_43` FOREIGN KEY (`userId`) REFERENCES `users` (`id`) ON DELETE CASCADE ON UPDATE CASCADE,
  CONSTRAINT `orders_ibfk_44` FOREIGN KEY (`userId`) REFERENCES `users` (`id`) ON DELETE CASCADE ON UPDATE CASCADE,
  CONSTRAINT `orders_ibfk_45` FOREIGN KEY (`userId`) REFERENCES `users` (`id`) ON DELETE CASCADE ON UPDATE CASCADE,
  CONSTRAINT `orders_ibfk_46` FOREIGN KEY (`userId`) REFERENCES `users` (`id`) ON DELETE CASCADE ON UPDATE CASCADE,
  CONSTRAINT `orders_ibfk_47` FOREIGN KEY (`userId`) REFERENCES `users` (`id`) ON DELETE CASCADE ON UPDATE CASCADE,
  CONSTRAINT `orders_ibfk_48` FOREIGN KEY (`userId`) REFERENCES `users` (`id`) ON DELETE CASCADE ON UPDATE CASCADE,
  CONSTRAINT `orders_ibfk_49` FOREIGN KEY (`userId`) REFERENCES `users` (`id`) ON DELETE CASCADE ON UPDATE CASCADE,
  CONSTRAINT `orders_ibfk_5` FOREIGN KEY (`userId`) REFERENCES `users` (`id`) ON DELETE CASCADE ON UPDATE CASCADE,
  CONSTRAINT `orders_ibfk_50` FOREIGN KEY (`userId`) REFERENCES `users` (`id`) ON DELETE CASCADE ON UPDATE CASCADE,
  CONSTRAINT `orders_ibfk_51` FOREIGN KEY (`userId`) REFERENCES `users` (`id`) ON DELETE CASCADE ON UPDATE CASCADE,
  CONSTRAINT `orders_ibfk_52` FOREIGN KEY (`userId`) REFERENCES `users` (`id`) ON DELETE CASCADE ON UPDATE CASCADE,
  CONSTRAINT `orders_ibfk_53` FOREIGN KEY (`userId`) REFERENCES `users` (`id`) ON DELETE CASCADE ON UPDATE CASCADE,
  CONSTRAINT `orders_ibfk_54` FOREIGN KEY (`userId`) REFERENCES `users` (`id`) ON DELETE CASCADE ON UPDATE CASCADE,
  CONSTRAINT `orders_ibfk_6` FOREIGN KEY (`userId`) REFERENCES `users` (`id`) ON DELETE CASCADE ON UPDATE CASCADE,
  CONSTRAINT `orders_ibfk_7` FOREIGN KEY (`userId`) REFERENCES `users` (`id`) ON DELETE CASCADE ON UPDATE CASCADE,
  CONSTRAINT `orders_ibfk_8` FOREIGN KEY (`userId`) REFERENCES `users` (`id`) ON DELETE CASCADE ON UPDATE CASCADE,
  CONSTRAINT `orders_ibfk_9` FOREIGN KEY (`userId`) REFERENCES `users` (`id`) ON DELETE CASCADE ON UPDATE CASCADE
) ENGINE=InnoDB AUTO_INCREMENT=165 DEFAULT CHARSET=utf8mb4 COLLATE=utf8mb4_0900_ai_ci;
/*!40101 SET character_set_client = @saved_cs_client */;

--
-- Dumping data for table `orders`
--

LOCK TABLES `orders` WRITE;
/*!40000 ALTER TABLE `orders` DISABLE KEYS */;
INSERT INTO `orders` VALUES (1,5,1632,'pending','2026-02-10 15:09:52','2026-02-10 20:43:32'),(2,5,1632,'pending','2026-02-10 15:09:52','2026-02-10 20:43:32'),(3,5,1632,'pending','2026-02-10 15:09:52','2026-02-10 20:43:32'),(4,5,1632,'pending','2026-02-10 15:09:52','2026-02-10 20:43:32'),(5,5,1632,'pending','2026-02-10 15:09:52','2026-02-10 20:43:32'),(6,5,1632,'pending','2026-02-10 15:09:52','2026-02-10 20:43:32'),(7,5,1632,'pending','2026-02-10 15:09:52','2026-02-10 20:43:32'),(8,5,2176,'pending','2026-02-10 15:09:52','2026-02-10 20:43:32'),(9,5,2176,'pending','2026-02-10 15:09:52','2026-02-10 20:43:32'),(10,5,2176,'pending','2026-02-10 15:09:52','2026-02-10 20:43:32'),(11,5,2176,'pending','2026-02-10 15:09:52','2026-02-10 20:43:32'),(12,5,2176,'pending','2026-02-10 15:09:52','2026-02-10 20:43:32'),(13,5,2176,'pending','2026-02-10 15:09:52','2026-02-10 20:43:32'),(14,5,2176,'pending','2026-02-10 15:09:52','2026-02-10 20:43:32'),(15,5,2176,'pending','2026-02-10 15:09:52','2026-02-10 20:43:32'),(16,5,2176,'pending','2026-02-10 15:09:52','2026-02-10 20:43:32'),(17,5,2176,'pending','2026-02-10 15:09:52','2026-02-10 20:43:32'),(18,5,544,'pending','2026-02-10 09:44:48','2026-02-10 15:14:48'),(19,5,544,'pending','2026-02-10 09:44:52','2026-02-10 15:14:52'),(20,5,544,'pending','2026-02-10 09:44:55','2026-02-10 15:14:55'),(21,5,544,'pending','2026-02-10 09:44:59','2026-02-10 15:14:59'),(22,5,544,'pending','2026-02-10 09:45:01','2026-02-10 15:15:01'),(23,5,544,'pending','2026-02-10 09:45:05','2026-02-10 15:15:05'),(24,5,544,'pending','2026-02-10 09:45:14','2026-02-10 15:15:14'),(25,5,544,'pending','2026-02-10 09:45:27','2026-02-10 15:15:27'),(26,5,544,'pending','2026-02-10 09:54:05','2026-02-10 15:24:05'),(27,5,544,'pending','2026-02-10 09:55:02','2026-02-10 15:25:02'),(28,5,544,'pending','2026-02-10 09:55:26','2026-02-10 15:25:26'),(29,5,544,'pending','2026-02-10 09:55:30','2026-02-10 15:25:30'),(30,5,544,'pending','2026-02-10 09:55:33','2026-02-10 15:25:33'),(31,5,544,'pending','2026-02-10 09:55:37','2026-02-10 15:25:37'),(32,5,544,'pending','2026-02-10 09:55:48','2026-02-10 15:25:48'),(33,5,544,'pending','2026-02-10 09:55:55','2026-02-10 15:25:55'),(34,5,544,'pending','2026-02-11 07:25:27','2026-02-11 12:55:27'),(35,5,544,'pending','2026-02-11 07:25:30','2026-02-11 12:55:30'),(36,5,544,'pending','2026-02-11 07:25:33','2026-02-11 12:55:33'),(37,5,544,'pending','2026-02-11 07:25:46','2026-02-11 12:55:46'),(38,5,544,'pending','2026-02-11 07:25:51','2026-02-11 12:55:51'),(39,5,544,'pending','2026-02-11 07:33:24','2026-02-11 13:03:24'),(40,5,544,'pending','2026-02-11 07:33:28','2026-02-11 13:03:28'),(41,5,544,'pending','2026-02-11 07:33:32','2026-02-11 13:03:32'),(42,5,544,'pending','2026-02-11 07:33:35','2026-02-11 13:03:35'),(43,5,544,'pending','2026-02-11 07:34:00','2026-02-11 13:04:00'),(44,5,544,'pending','2026-02-11 07:34:04','2026-02-11 13:04:04'),(45,5,544,'pending','2026-02-11 07:44:07','2026-02-11 13:14:07'),(46,5,544,'pending','2026-02-11 07:44:11','2026-02-11 13:14:11'),(47,5,544,'pending','2026-02-11 07:44:16','2026-02-11 13:14:16'),(48,5,544,'pending','2026-02-11 07:44:17','2026-02-11 13:14:17'),(49,5,544,'pending','2026-02-11 07:44:18','2026-02-11 13:14:18'),(50,5,1088,'pending','2026-02-11 07:44:37','2026-02-11 13:14:37'),(51,5,1088,'pending','2026-02-11 07:49:41','2026-02-11 13:19:41'),(52,5,1088,'pending','2026-02-11 07:49:52','2026-02-11 13:19:52'),(53,5,544,'pending','2026-02-11 07:52:13','2026-02-11 13:22:13'),(54,5,544,'pending','2026-02-11 07:52:17','2026-02-11 13:22:17'),(55,5,544,'pending','2026-02-11 07:52:40','2026-02-11 13:22:40'),(56,5,544,'pending','2026-02-11 07:52:41','2026-02-11 13:22:41'),(57,5,544,'pending','2026-02-11 07:52:41','2026-02-11 13:22:41'),(58,5,544,'pending','2026-02-11 07:52:42','2026-02-11 13:22:42'),(59,5,544,'pending','2026-02-11 07:52:59','2026-02-11 13:22:59'),(60,5,544,'pending','2026-02-11 07:53:03','2026-02-11 13:23:03'),(61,5,544,'pending','2026-02-11 07:53:06','2026-02-11 13:23:06'),(62,5,544,'pending','2026-02-11 07:53:15','2026-02-11 13:23:15'),(63,5,544,'pending','2026-02-11 07:55:58','2026-02-11 13:25:58'),(64,5,544,'pending','2026-02-11 07:56:23','2026-02-11 13:26:23'),(65,5,544,'pending','2026-02-11 07:56:26','2026-02-11 13:26:26'),(66,5,544,'pending','2026-02-11 07:56:26','2026-02-11 13:26:26'),(67,5,544,'pending','2026-02-11 07:56:26','2026-02-11 13:26:26'),(68,5,544,'pending','2026-02-11 07:56:26','2026-02-11 13:26:26'),(69,5,544,'pending','2026-02-11 07:56:27','2026-02-11 13:26:27'),(70,5,544,'pending','2026-02-11 07:56:27','2026-02-11 13:26:27'),(71,5,544,'pending','2026-02-11 07:56:27','2026-02-11 13:26:27'),(72,5,544,'pending','2026-02-11 07:56:27','2026-02-11 13:26:27'),(73,5,544,'pending','2026-02-11 07:56:27','2026-02-11 13:26:27'),(74,5,544,'pending','2026-02-11 07:56:28','2026-02-11 13:26:28'),(75,5,544,'pending','2026-02-11 07:56:28','2026-02-11 13:26:28'),(76,5,544,'pending','2026-02-11 07:56:28','2026-02-11 13:26:28'),(77,5,544,'pending','2026-02-11 07:56:28','2026-02-11 13:26:28'),(78,5,544,'pending','2026-02-11 07:56:29','2026-02-11 13:26:29'),(79,5,544,'pending','2026-02-11 07:56:29','2026-02-11 13:26:29'),(80,5,544,'pending','2026-02-11 07:56:29','2026-02-11 13:26:29'),(81,5,544,'pending','2026-02-11 07:56:42','2026-02-11 13:26:42'),(82,5,544,'pending','2026-02-11 07:56:42','2026-02-11 13:26:42'),(83,5,544,'pending','2026-02-11 07:56:42','2026-02-11 13:26:42'),(84,5,544,'pending','2026-02-11 07:56:43','2026-02-11 13:26:43'),(85,5,544,'pending','2026-02-11 07:56:52','2026-02-11 13:26:52'),(86,5,544,'pending','2026-02-11 07:56:52','2026-02-11 13:26:52'),(87,5,544,'pending','2026-02-11 07:56:52','2026-02-11 13:26:52'),(88,5,544,'pending','2026-02-11 07:56:52','2026-02-11 13:26:52'),(89,5,544,'pending','2026-02-11 07:56:53','2026-02-11 13:26:53'),(90,5,544,'pending','2026-02-11 08:01:18','2026-02-11 13:31:18'),(91,5,544,'pending','2026-02-11 08:01:19','2026-02-11 13:31:19'),(92,5,544,'pending','2026-02-11 08:01:20','2026-02-11 13:31:20'),(93,5,544,'pending','2026-02-11 08:01:20','2026-02-11 13:31:20'),(94,5,544,'pending','2026-02-11 08:04:36','2026-02-11 13:34:36'),(95,5,544,'pending','2026-02-11 08:04:38','2026-02-11 13:34:38'),(96,5,544,'pending','2026-02-11 08:04:39','2026-02-11 13:34:39'),(97,5,544,'pending','2026-02-11 08:04:39','2026-02-11 13:34:39'),(98,5,544,'pending','2026-02-11 08:04:39','2026-02-11 13:34:39'),(99,5,544,'pending','2026-02-11 08:04:39','2026-02-11 13:34:39'),(100,5,544,'pending','2026-02-11 08:04:39','2026-02-11 13:34:39'),(101,5,544,'pending','2026-02-11 08:04:40','2026-02-11 13:34:40'),(102,5,544,'pending','2026-02-11 08:04:40','2026-02-11 13:34:40'),(103,5,544,'pending','2026-02-11 08:05:49','2026-02-11 13:35:49'),(104,5,544,'pending','2026-02-11 08:05:51','2026-02-11 13:35:51'),(105,5,544,'pending','2026-02-11 08:05:51','2026-02-11 13:35:51'),(106,5,544,'pending','2026-02-11 08:05:51','2026-02-11 13:35:51'),(107,5,544,'pending','2026-02-11 08:05:51','2026-02-11 13:35:51'),(108,5,544,'pending','2026-02-11 08:06:05','2026-02-11 13:36:05'),(109,5,544,'pending','2026-02-11 08:06:14','2026-02-11 13:36:14'),(110,5,544,'pending','2026-02-11 08:08:38','2026-02-11 13:38:38'),(111,5,544,'pending','2026-02-11 08:23:50','2026-02-11 13:53:50'),(112,5,1088,'pending','2026-02-12 09:04:46','2026-02-12 14:34:46'),(113,5,544,'pending','2026-02-12 09:14:34','2026-02-12 14:44:34'),(114,5,544,'pending','2026-02-12 09:14:39','2026-02-12 14:44:39'),(115,5,544,'pending','2026-02-12 09:20:03','2026-02-12 14:50:03'),(116,5,544,'pending','2026-02-12 09:20:05','2026-02-12 14:50:05'),(117,5,544,'pending','2026-02-12 09:20:05','2026-02-12 14:50:05'),(118,5,544,'delivered','2026-02-12 09:20:05','2026-03-01 11:40:24'),(119,5,1088,'pending','2026-02-12 09:37:31','2026-02-12 15:07:31'),(120,5,544,'pending','2026-02-12 10:30:54','2026-02-12 16:00:54'),(121,5,544,'pending','2026-02-12 10:30:59','2026-02-12 16:00:59'),(122,5,544,'pending','2026-02-12 10:31:49','2026-02-12 16:01:49'),(123,5,544,'pending','2026-02-12 10:36:11','2026-02-12 16:06:11'),(124,5,544,'pending','2026-02-12 10:43:08','2026-02-12 16:13:08'),(125,5,544,'pending','2026-02-12 10:43:11','2026-02-12 16:13:11'),(126,5,544,'pending','2026-02-12 10:43:34','2026-02-12 16:13:34'),(127,5,544,'pending','2026-02-12 10:44:04','2026-02-12 16:14:04'),(128,5,544,'cancelled','2026-02-12 10:57:45','2026-03-01 11:40:12'),(129,5,544,'paid','2026-02-12 10:59:04','2026-02-12 16:29:44'),(130,5,544,'pending','2026-02-13 00:17:08','2026-02-13 05:47:08'),(131,5,544,'paid','2026-02-13 00:17:43','2026-02-13 05:48:11'),(132,5,250,'paid','2026-02-28 10:50:49','2026-02-28 16:22:03'),(133,5,66,'paid','2026-02-28 11:58:20','2026-02-28 17:28:47'),(134,5,250,'shipped','2026-03-01 06:06:00','2026-03-01 11:39:59'),(135,5,255,'paid','2026-03-04 06:07:20','2026-03-04 11:38:18'),(136,7,505,'paid','2026-03-04 07:50:26','2026-03-04 13:21:31'),(137,7,255,'paid','2026-03-12 10:51:31','2026-03-12 16:22:52'),(138,7,255,'paid','2026-03-23 00:49:07','2026-03-23 06:20:16'),(139,7,250,'paid','2026-03-26 11:07:54','2026-03-26 16:38:22'),(140,7,505,'shipped','2026-03-26 22:51:52','2026-03-27 04:32:20'),(141,5,255,'pending','2026-04-09 04:44:21','2026-04-09 10:14:21'),(142,5,255,'pending','2026-04-09 04:44:25','2026-04-09 10:14:25'),(143,5,255,'pending','2026-04-09 04:44:29','2026-04-09 10:14:29'),(144,5,255,'pending','2026-04-09 04:44:32','2026-04-09 10:14:32'),(145,5,510,'pending','2026-04-09 04:44:49','2026-04-09 10:14:49'),(146,5,510,'pending','2026-04-09 04:44:53','2026-04-09 10:14:53'),(147,5,510,'pending','2026-04-09 04:46:32','2026-04-09 10:16:32'),(148,5,510,'pending','2026-04-09 04:47:14','2026-04-09 10:17:14'),(149,5,510,'pending','2026-04-09 04:47:23','2026-04-09 10:17:23'),(150,5,510,'pending','2026-04-09 04:47:23','2026-04-09 10:17:23'),(151,5,510,'pending','2026-04-09 04:47:24','2026-04-09 10:17:24'),(152,5,510,'pending','2026-04-09 04:53:45','2026-04-09 10:23:45'),(153,5,255,'pending','2026-04-09 04:56:17','2026-04-09 10:26:17'),(154,5,255,'pending','2026-04-09 10:28:10','2026-04-09 10:28:10'),(155,5,255,'pending','2026-04-09 10:28:37','2026-04-09 10:28:37'),(156,5,255,'pending','2026-04-09 10:28:38','2026-04-09 10:28:38'),(157,5,255,'pending','2026-04-09 10:28:39','2026-04-09 10:28:39'),(158,5,255,'pending','2026-04-09 10:30:54','2026-04-09 10:30:54'),(159,5,255,'pending','2026-04-09 10:30:55','2026-04-09 10:30:55'),(160,5,255,'pending','2026-04-09 10:30:56','2026-04-09 10:30:56'),(161,5,255,'pending','2026-04-09 10:30:57','2026-04-09 10:30:57'),(162,5,255,'pending','2026-04-09 10:31:24','2026-04-09 10:31:24'),(163,5,255,'pending','2026-04-09 10:33:42','2026-04-09 10:33:42'),(164,5,255,'paid','2026-04-09 10:35:21','2026-04-09 10:36:02');
/*!40000 ALTER TABLE `orders` ENABLE KEYS */;
UNLOCK TABLES;

--
-- Table structure for table `payments`
--

DROP TABLE IF EXISTS `payments`;
/*!40101 SET @saved_cs_client     = @@character_set_client */;
/*!50503 SET character_set_client = utf8mb4 */;
CREATE TABLE `payments` (
  `id` int NOT NULL AUTO_INCREMENT,
  `orderId` int NOT NULL,
  `paymentId` varchar(255) DEFAULT NULL,
  `status` varchar(255) DEFAULT 'created',
  `amount` float NOT NULL,
  `createdAt` datetime NOT NULL,
  `razorpayOrderId` varchar(255) NOT NULL,
  `currency` varchar(255) DEFAULT 'INR',
  `updatedAt` datetime NOT NULL,
  PRIMARY KEY (`id`),
  KEY `orderId` (`orderId`),
  CONSTRAINT `payments_ibfk_1` FOREIGN KEY (`orderId`) REFERENCES `orders` (`id`) ON DELETE CASCADE ON UPDATE CASCADE,
  CONSTRAINT `payments_ibfk_10` FOREIGN KEY (`orderId`) REFERENCES `orders` (`id`) ON DELETE CASCADE ON UPDATE CASCADE,
  CONSTRAINT `payments_ibfk_11` FOREIGN KEY (`orderId`) REFERENCES `orders` (`id`) ON DELETE CASCADE ON UPDATE CASCADE,
  CONSTRAINT `payments_ibfk_12` FOREIGN KEY (`orderId`) REFERENCES `orders` (`id`) ON DELETE CASCADE ON UPDATE CASCADE,
  CONSTRAINT `payments_ibfk_13` FOREIGN KEY (`orderId`) REFERENCES `orders` (`id`) ON DELETE CASCADE ON UPDATE CASCADE,
  CONSTRAINT `payments_ibfk_14` FOREIGN KEY (`orderId`) REFERENCES `orders` (`id`) ON DELETE CASCADE ON UPDATE CASCADE,
  CONSTRAINT `payments_ibfk_15` FOREIGN KEY (`orderId`) REFERENCES `orders` (`id`) ON DELETE CASCADE ON UPDATE CASCADE,
  CONSTRAINT `payments_ibfk_16` FOREIGN KEY (`orderId`) REFERENCES `orders` (`id`) ON DELETE CASCADE ON UPDATE CASCADE,
  CONSTRAINT `payments_ibfk_17` FOREIGN KEY (`orderId`) REFERENCES `orders` (`id`) ON DELETE CASCADE ON UPDATE CASCADE,
  CONSTRAINT `payments_ibfk_18` FOREIGN KEY (`orderId`) REFERENCES `orders` (`id`) ON DELETE CASCADE ON UPDATE CASCADE,
  CONSTRAINT `payments_ibfk_19` FOREIGN KEY (`orderId`) REFERENCES `orders` (`id`) ON DELETE CASCADE ON UPDATE CASCADE,
  CONSTRAINT `payments_ibfk_2` FOREIGN KEY (`orderId`) REFERENCES `orders` (`id`) ON DELETE CASCADE ON UPDATE CASCADE,
  CONSTRAINT `payments_ibfk_20` FOREIGN KEY (`orderId`) REFERENCES `orders` (`id`) ON DELETE CASCADE ON UPDATE CASCADE,
  CONSTRAINT `payments_ibfk_21` FOREIGN KEY (`orderId`) REFERENCES `orders` (`id`) ON DELETE CASCADE ON UPDATE CASCADE,
  CONSTRAINT `payments_ibfk_22` FOREIGN KEY (`orderId`) REFERENCES `orders` (`id`) ON DELETE CASCADE ON UPDATE CASCADE,
  CONSTRAINT `payments_ibfk_23` FOREIGN KEY (`orderId`) REFERENCES `orders` (`id`) ON DELETE CASCADE ON UPDATE CASCADE,
  CONSTRAINT `payments_ibfk_24` FOREIGN KEY (`orderId`) REFERENCES `orders` (`id`) ON DELETE CASCADE ON UPDATE CASCADE,
  CONSTRAINT `payments_ibfk_25` FOREIGN KEY (`orderId`) REFERENCES `orders` (`id`) ON DELETE CASCADE ON UPDATE CASCADE,
  CONSTRAINT `payments_ibfk_26` FOREIGN KEY (`orderId`) REFERENCES `orders` (`id`) ON DELETE CASCADE ON UPDATE CASCADE,
  CONSTRAINT `payments_ibfk_27` FOREIGN KEY (`orderId`) REFERENCES `orders` (`id`) ON DELETE CASCADE ON UPDATE CASCADE,
  CONSTRAINT `payments_ibfk_28` FOREIGN KEY (`orderId`) REFERENCES `orders` (`id`) ON DELETE CASCADE ON UPDATE CASCADE,
  CONSTRAINT `payments_ibfk_29` FOREIGN KEY (`orderId`) REFERENCES `orders` (`id`) ON DELETE CASCADE ON UPDATE CASCADE,
  CONSTRAINT `payments_ibfk_3` FOREIGN KEY (`orderId`) REFERENCES `orders` (`id`) ON DELETE CASCADE ON UPDATE CASCADE,
  CONSTRAINT `payments_ibfk_30` FOREIGN KEY (`orderId`) REFERENCES `orders` (`id`) ON DELETE CASCADE ON UPDATE CASCADE,
  CONSTRAINT `payments_ibfk_31` FOREIGN KEY (`orderId`) REFERENCES `orders` (`id`) ON DELETE CASCADE ON UPDATE CASCADE,
  CONSTRAINT `payments_ibfk_32` FOREIGN KEY (`orderId`) REFERENCES `orders` (`id`) ON DELETE CASCADE ON UPDATE CASCADE,
  CONSTRAINT `payments_ibfk_33` FOREIGN KEY (`orderId`) REFERENCES `orders` (`id`) ON DELETE CASCADE ON UPDATE CASCADE,
  CONSTRAINT `payments_ibfk_34` FOREIGN KEY (`orderId`) REFERENCES `orders` (`id`) ON DELETE CASCADE ON UPDATE CASCADE,
  CONSTRAINT `payments_ibfk_35` FOREIGN KEY (`orderId`) REFERENCES `orders` (`id`) ON DELETE CASCADE ON UPDATE CASCADE,
  CONSTRAINT `payments_ibfk_36` FOREIGN KEY (`orderId`) REFERENCES `orders` (`id`) ON DELETE CASCADE ON UPDATE CASCADE,
  CONSTRAINT `payments_ibfk_37` FOREIGN KEY (`orderId`) REFERENCES `orders` (`id`) ON DELETE CASCADE ON UPDATE CASCADE,
  CONSTRAINT `payments_ibfk_38` FOREIGN KEY (`orderId`) REFERENCES `orders` (`id`) ON DELETE CASCADE ON UPDATE CASCADE,
  CONSTRAINT `payments_ibfk_39` FOREIGN KEY (`orderId`) REFERENCES `orders` (`id`) ON DELETE CASCADE ON UPDATE CASCADE,
  CONSTRAINT `payments_ibfk_4` FOREIGN KEY (`orderId`) REFERENCES `orders` (`id`) ON DELETE CASCADE ON UPDATE CASCADE,
  CONSTRAINT `payments_ibfk_40` FOREIGN KEY (`orderId`) REFERENCES `orders` (`id`) ON DELETE CASCADE ON UPDATE CASCADE,
  CONSTRAINT `payments_ibfk_41` FOREIGN KEY (`orderId`) REFERENCES `orders` (`id`) ON DELETE CASCADE ON UPDATE CASCADE,
  CONSTRAINT `payments_ibfk_42` FOREIGN KEY (`orderId`) REFERENCES `orders` (`id`) ON DELETE CASCADE ON UPDATE CASCADE,
  CONSTRAINT `payments_ibfk_43` FOREIGN KEY (`orderId`) REFERENCES `orders` (`id`) ON DELETE CASCADE ON UPDATE CASCADE,
  CONSTRAINT `payments_ibfk_44` FOREIGN KEY (`orderId`) REFERENCES `orders` (`id`) ON DELETE CASCADE ON UPDATE CASCADE,
  CONSTRAINT `payments_ibfk_45` FOREIGN KEY (`orderId`) REFERENCES `orders` (`id`) ON DELETE CASCADE ON UPDATE CASCADE,
  CONSTRAINT `payments_ibfk_46` FOREIGN KEY (`orderId`) REFERENCES `orders` (`id`) ON DELETE CASCADE ON UPDATE CASCADE,
  CONSTRAINT `payments_ibfk_47` FOREIGN KEY (`orderId`) REFERENCES `orders` (`id`) ON DELETE CASCADE ON UPDATE CASCADE,
  CONSTRAINT `payments_ibfk_48` FOREIGN KEY (`orderId`) REFERENCES `orders` (`id`) ON DELETE CASCADE ON UPDATE CASCADE,
  CONSTRAINT `payments_ibfk_49` FOREIGN KEY (`orderId`) REFERENCES `orders` (`id`) ON DELETE CASCADE ON UPDATE CASCADE,
  CONSTRAINT `payments_ibfk_5` FOREIGN KEY (`orderId`) REFERENCES `orders` (`id`) ON DELETE CASCADE ON UPDATE CASCADE,
  CONSTRAINT `payments_ibfk_50` FOREIGN KEY (`orderId`) REFERENCES `orders` (`id`) ON DELETE CASCADE ON UPDATE CASCADE,
  CONSTRAINT `payments_ibfk_51` FOREIGN KEY (`orderId`) REFERENCES `orders` (`id`) ON DELETE CASCADE ON UPDATE CASCADE,
  CONSTRAINT `payments_ibfk_52` FOREIGN KEY (`orderId`) REFERENCES `orders` (`id`) ON DELETE CASCADE ON UPDATE CASCADE,
  CONSTRAINT `payments_ibfk_6` FOREIGN KEY (`orderId`) REFERENCES `orders` (`id`) ON DELETE CASCADE ON UPDATE CASCADE,
  CONSTRAINT `payments_ibfk_7` FOREIGN KEY (`orderId`) REFERENCES `orders` (`id`) ON DELETE CASCADE ON UPDATE CASCADE,
  CONSTRAINT `payments_ibfk_8` FOREIGN KEY (`orderId`) REFERENCES `orders` (`id`) ON DELETE CASCADE ON UPDATE CASCADE,
  CONSTRAINT `payments_ibfk_9` FOREIGN KEY (`orderId`) REFERENCES `orders` (`id`) ON DELETE CASCADE ON UPDATE CASCADE
) ENGINE=InnoDB AUTO_INCREMENT=15 DEFAULT CHARSET=utf8mb4 COLLATE=utf8mb4_0900_ai_ci;
/*!40101 SET character_set_client = @saved_cs_client */;

--
-- Dumping data for table `payments`
--

LOCK TABLES `payments` WRITE;
/*!40000 ALTER TABLE `payments` DISABLE KEYS */;
INSERT INTO `payments` VALUES (1,1,NULL,'created',1632,'2026-02-10 14:43:32','order_SEToyk0e3zCKmu','INR','2026-02-10 14:43:32'),(2,129,'pay_SFIhD8JEqStEjQ','paid',544,'2026-02-12 16:29:05','order_SFIgguGQIXn3rV','INR','2026-02-12 16:29:44'),(3,130,NULL,'created',544,'2026-02-13 05:47:09','order_SFWHjg5v8HTFbY','INR','2026-02-13 05:47:09'),(4,131,'pay_SFWIYEvCRaUP1f','paid',544,'2026-02-13 05:47:43','order_SFWIKLnMLwkvRS','INR','2026-02-13 05:48:11'),(5,132,'pay_SLd7CxHitebsuk','paid',250,'2026-02-28 16:20:50','order_SLd61b8mTTjget','INR','2026-02-28 16:22:03'),(6,133,'pay_SLeFiAOF2Etx6F','paid',66,'2026-02-28 17:28:26','order_SLeFQwAMMIzdVO','INR','2026-02-28 17:28:47'),(7,134,NULL,'created',250,'2026-03-01 11:36:01','order_SLwmHcHFMpva4v','INR','2026-03-01 11:36:01'),(8,135,'pay_SN8PwoybzQ5jP6','paid',255,'2026-03-04 11:37:23','order_SN8P5zz0ERXOBi','INR','2026-03-04 11:38:18'),(9,136,'pay_SNAAysqhYaqXuO','paid',505,'2026-03-04 13:20:26','order_SNA9xYpb9GD1WY','INR','2026-03-04 13:21:31'),(10,137,'pay_SQNXTU4XH9cz62','paid',255,'2026-03-12 16:21:33','order_SQNWE601vR6zt1','INR','2026-03-12 16:22:52'),(11,138,'pay_SUZ97L6KpqTp32','paid',255,'2026-03-23 06:19:11','order_SUZ8Ec7KAyGM3x','INR','2026-03-23 06:20:16'),(12,139,'pay_SVvHVh5l7o4lL6','paid',250,'2026-03-26 16:37:57','order_SVvHEGrP2g9pWj','INR','2026-03-26 16:38:22'),(13,140,'pay_SW7HCom2TTEpCf','paid',505,'2026-03-27 04:21:54','order_SW7Gp7wZxx9SXm','INR','2026-03-27 04:22:24'),(14,164,'pay_SbMaNdeSltq5BL','paid',255,'2026-04-09 10:35:23','order_SbMZuDkah4d9nX','INR','2026-04-09 10:36:02');
/*!40000 ALTER TABLE `payments` ENABLE KEYS */;
UNLOCK TABLES;

--
-- Table structure for table `products`
--

DROP TABLE IF EXISTS `products`;
/*!40101 SET @saved_cs_client     = @@character_set_client */;
/*!50503 SET character_set_client = utf8mb4 */;
CREATE TABLE `products` (
  `id` int NOT NULL AUTO_INCREMENT,
  `name` varchar(255) NOT NULL,
  `price` decimal(10,2) NOT NULL,
  `category` varchar(255) DEFAULT NULL,
  `createdAt` datetime NOT NULL,
  `updatedAt` datetime NOT NULL,
  `imageUrl` text,
  PRIMARY KEY (`id`)
) ENGINE=InnoDB AUTO_INCREMENT=33 DEFAULT CHARSET=utf8mb4 COLLATE=utf8mb4_0900_ai_ci;
/*!40101 SET character_set_client = @saved_cs_client */;

--
-- Dumping data for table `products`
--

LOCK TABLES `products` WRITE;
/*!40000 ALTER TABLE `products` DISABLE KEYS */;
INSERT INTO `products` VALUES (10,'shirt',255.00,'men','2026-02-09 14:06:33','2026-03-26 17:10:39','https://res.cloudinary.com/dkwz1npf1/image/upload/v1774545037/closhop/men/vaan7ytwgbdolhd9u7rt.webp'),(13,'shirt',250.00,'men','2026-02-09 14:52:41','2026-02-13 06:06:38','https://res.cloudinary.com/dkwz1npf1/image/upload/v1770962791/closhop/men/huzwtklpkj1x1cwsa0fq.png'),(14,'Black Blazer',660.00,'men','2026-02-28 16:45:28','2026-03-21 12:29:34','https://res.cloudinary.com/dkwz1npf1/image/upload/v1774096174/closhop/men/ory89rzc56fkqopkw3ux.webp'),(17,'Walking Coat',1000.00,'men','2026-03-21 12:27:37','2026-03-21 12:27:37','https://res.cloudinary.com/dkwz1npf1/image/upload/v1774096057/closhop/men/teznzyniwe5rrzh8thss.avif'),(18,'Tuxedo Blazer',700.00,'men','2026-03-21 12:28:42','2026-03-21 12:28:42','https://res.cloudinary.com/dkwz1npf1/image/upload/v1774096122/closhop/men/krairiuuodqtvojo1qg8.webp'),(19,'Mirror Jacket',700.00,'men','2026-03-21 12:30:51','2026-03-21 12:30:51','https://res.cloudinary.com/dkwz1npf1/image/upload/v1774096250/closhop/men/ll8looq1nxlvxeafrp2t.webp'),(20,'cotton Gown',499.00,'women','2026-03-24 16:10:31','2026-03-24 16:10:31','https://res.cloudinary.com/dkwz1npf1/image/upload/v1774368629/closhop/women/ozynqwbdz1u8vqymu6bb.webp'),(22,'Wine Georgette',399.00,'women','2026-03-24 16:13:10','2026-03-24 16:13:10','https://res.cloudinary.com/dkwz1npf1/image/upload/v1774368789/closhop/women/r5mqaxd8kt9zjrdajlwv.webp'),(23,'Yellow Indian suit',299.00,'women','2026-03-24 16:13:55','2026-03-24 16:13:55','https://res.cloudinary.com/dkwz1npf1/image/upload/v1774368834/closhop/women/i6c8dyaxuhh940ounqzd.jpg'),(24,'Woman\'s Viscose printed',599.00,'women','2026-03-24 16:14:50','2026-03-24 16:14:50','https://res.cloudinary.com/dkwz1npf1/image/upload/v1774368887/closhop/women/qgul7lamttzlms9ke5ba.jpg'),(25,'Pure Cotton',399.00,'women','2026-03-24 16:15:45','2026-03-24 16:15:45','https://res.cloudinary.com/dkwz1npf1/image/upload/v1774368942/closhop/women/pljkiiobpab5hcavtfhh.jpg'),(27,'waistcoat and paint',299.00,'kids','2026-03-26 16:10:43','2026-03-26 16:10:43','https://res.cloudinary.com/dkwz1npf1/image/upload/v1774541442/closhop/kids/mf2nid3jlh8m8txgbztx.webp'),(28,'Green  Cotton Frock',250.00,'kids','2026-03-26 16:12:09','2026-03-26 16:12:09','https://res.cloudinary.com/dkwz1npf1/image/upload/v1774541527/closhop/kids/vpgbjsdfgfqirrtki8ez.webp'),(29,'Maple Grove Shacket',299.00,'kids','2026-03-26 16:13:30','2026-03-26 16:13:30','https://res.cloudinary.com/dkwz1npf1/image/upload/v1774541609/closhop/kids/p92enn4a26ambgsii8qj.webp'),(30,'Badyhug Cotton knit',239.00,'kids','2026-03-26 16:14:40','2026-03-26 16:14:40','https://res.cloudinary.com/dkwz1npf1/image/upload/v1774541679/closhop/kids/wvmffbnnka4bzzjfeqxl.webp'),(31,'Slub Soft Lycra',299.00,'kids','2026-03-26 16:16:08','2026-03-26 16:16:08','https://res.cloudinary.com/dkwz1npf1/image/upload/v1774541767/closhop/kids/wlu40cuut2ilid1r0ucx.webp'),(32,'kids frock',675.00,'kids','2026-03-27 04:31:26','2026-03-27 04:31:26','https://res.cloudinary.com/dkwz1npf1/image/upload/v1774585884/closhop/kids/k3zbgdtca14vnqg3kry7.webp');
/*!40000 ALTER TABLE `products` ENABLE KEYS */;
UNLOCK TABLES;

--
-- Table structure for table `users`
--

DROP TABLE IF EXISTS `users`;
/*!40101 SET @saved_cs_client     = @@character_set_client */;
/*!50503 SET character_set_client = utf8mb4 */;
CREATE TABLE `users` (
  `id` int NOT NULL AUTO_INCREMENT,
  `name` varchar(100) NOT NULL,
  `email` varchar(255) NOT NULL,
  `password` varchar(255) NOT NULL,
  `reset_token` varchar(255) DEFAULT NULL,
  `reset_expiry` datetime DEFAULT NULL,
  `createdAt` datetime NOT NULL,
  `updatedAt` datetime NOT NULL,
  `phone` varchar(255) DEFAULT NULL,
  `address` text,
  `pinCode` varchar(255) DEFAULT NULL,
  `city` varchar(255) DEFAULT NULL,
  `state` varchar(255) DEFAULT NULL,
  PRIMARY KEY (`id`),
  UNIQUE KEY `email` (`email`),
  UNIQUE KEY `email_2` (`email`),
  UNIQUE KEY `email_3` (`email`),
  UNIQUE KEY `email_4` (`email`),
  UNIQUE KEY `email_5` (`email`),
  UNIQUE KEY `email_6` (`email`),
  UNIQUE KEY `email_7` (`email`),
  UNIQUE KEY `email_8` (`email`),
  UNIQUE KEY `email_9` (`email`),
  UNIQUE KEY `email_10` (`email`),
  UNIQUE KEY `email_11` (`email`),
  UNIQUE KEY `email_12` (`email`),
  UNIQUE KEY `email_13` (`email`),
  UNIQUE KEY `email_14` (`email`),
  UNIQUE KEY `email_15` (`email`),
  UNIQUE KEY `email_16` (`email`),
  UNIQUE KEY `email_17` (`email`),
  UNIQUE KEY `email_18` (`email`),
  UNIQUE KEY `email_19` (`email`),
  UNIQUE KEY `email_20` (`email`),
  UNIQUE KEY `email_21` (`email`),
  UNIQUE KEY `email_22` (`email`),
  UNIQUE KEY `email_23` (`email`),
  UNIQUE KEY `email_24` (`email`),
  UNIQUE KEY `email_25` (`email`),
  UNIQUE KEY `email_26` (`email`),
  UNIQUE KEY `email_27` (`email`),
  UNIQUE KEY `email_28` (`email`),
  UNIQUE KEY `email_29` (`email`),
  UNIQUE KEY `email_30` (`email`),
  UNIQUE KEY `email_31` (`email`),
  UNIQUE KEY `email_32` (`email`),
  UNIQUE KEY `email_33` (`email`),
  UNIQUE KEY `email_34` (`email`),
  UNIQUE KEY `email_35` (`email`),
  UNIQUE KEY `email_36` (`email`),
  UNIQUE KEY `email_37` (`email`),
  UNIQUE KEY `email_38` (`email`),
  UNIQUE KEY `email_39` (`email`),
  UNIQUE KEY `email_40` (`email`),
  UNIQUE KEY `email_41` (`email`),
  UNIQUE KEY `email_42` (`email`),
  UNIQUE KEY `email_43` (`email`),
  UNIQUE KEY `email_44` (`email`),
  UNIQUE KEY `email_45` (`email`),
  UNIQUE KEY `email_46` (`email`),
  UNIQUE KEY `email_47` (`email`),
  UNIQUE KEY `email_48` (`email`),
  UNIQUE KEY `email_49` (`email`),
  UNIQUE KEY `email_50` (`email`),
  UNIQUE KEY `email_51` (`email`),
  UNIQUE KEY `email_52` (`email`),
  UNIQUE KEY `email_53` (`email`),
  UNIQUE KEY `email_54` (`email`),
  UNIQUE KEY `email_55` (`email`),
  UNIQUE KEY `email_56` (`email`),
  UNIQUE KEY `email_57` (`email`),
  UNIQUE KEY `email_58` (`email`),
  UNIQUE KEY `email_59` (`email`),
  UNIQUE KEY `email_60` (`email`),
  UNIQUE KEY `email_61` (`email`),
  UNIQUE KEY `email_62` (`email`),
  UNIQUE KEY `email_63` (`email`)
) ENGINE=InnoDB AUTO_INCREMENT=10 DEFAULT CHARSET=utf8mb4 COLLATE=utf8mb4_0900_ai_ci;
/*!40101 SET character_set_client = @saved_cs_client */;

--
-- Dumping data for table `users`
--

LOCK TABLES `users` WRITE;
/*!40000 ALTER TABLE `users` DISABLE KEYS */;
INSERT INTO `users` VALUES (4,'Gaurav','gaurav123478@gmail.com','$2b$10$HtWOI57IeRIA2.eJdkAWF.XUz3YqLp6LCuRPQJupFCsUOAgcqTgpm','eyJhbGciOiJIUzI1NiIsInR5cCI6IkpXVCJ9.eyJpZCI6NCwiaWF0IjoxNzcwNDU3Njc2LCJleHAiOjE3NzA0NTg1NzZ9.06lPYowwNranL7sg4d-26H-ry44BljI8fJHQwZHYtUM','2026-02-07 10:02:56','2026-02-07 09:44:11','2026-02-07 09:47:56',NULL,NULL,NULL,NULL,NULL),(5,'Gaurav','gauravrastogi38163@gmail.com','$2b$10$Ka1SUSDcZhL.rInvJ/zIfOXx5Ykl0FWoKApMZBEmmcoVe6.zKL0va',NULL,NULL,'2026-02-07 09:53:49','2026-04-09 10:13:00','8051544657','jafarpur ','843107','Patna','Bihar '),(6,'Gaurav Kumar ','rastogigaurav328@gmail.com','$2b$10$ci/1k5DSPKMqYxnK0HJ6zOVDKgmzXdwvY/VNXTQiQhLfpAsdeBENy','eyJhbGciOiJIUzI1NiIsInR5cCI6IkpXVCJ9.eyJpZCI6NiwiaWF0IjoxNzcwNDYyMzAxLCJleHAiOjE3NzA0NjMyMDF9.sAbIlb4QpeZ1ZFZT2QUIhJsazGyt_N0rJ4FpRs1jGoQ','2026-02-07 11:20:01','2026-02-07 10:25:41','2026-02-07 11:05:01',NULL,NULL,NULL,NULL,NULL),(7,'Gaurav Kumar ','gauravrastogi38233@gmail.com','$2b$10$JruiCC9xUzqv/YH3keqzEOyLcEa4I3U8ENPN0G8E4FjeI/ZudFndy',NULL,NULL,'2026-03-04 13:09:46','2026-03-27 04:27:12',NULL,NULL,NULL,NULL,NULL),(8,'Rajeev ','rajeev@gmail.com','$2b$10$XFTa2C/aCjTd0glXh6tr4e2F6flGFdy5566Z9kW/DryWGCFE9DGlK',NULL,NULL,'2026-04-09 08:21:46','2026-04-09 09:56:45','8051544657','Jafarpur ','843107','patna','bihar '),(9,'Gaurav','gauravtest999@gmail.com','$2b$10$AkHcHEMTjhBAxgKKjxyEbuYv4sn7n9oMOFLbTchWWnjdYWrq0GlkG',NULL,NULL,'2026-04-09 09:45:07','2026-04-09 09:45:07',NULL,NULL,NULL,NULL,NULL);
/*!40000 ALTER TABLE `users` ENABLE KEYS */;
UNLOCK TABLES;
/*!40103 SET TIME_ZONE=@OLD_TIME_ZONE */;

/*!40101 SET SQL_MODE=@OLD_SQL_MODE */;
/*!40014 SET FOREIGN_KEY_CHECKS=@OLD_FOREIGN_KEY_CHECKS */;
/*!40014 SET UNIQUE_CHECKS=@OLD_UNIQUE_CHECKS */;
/*!40101 SET CHARACTER_SET_CLIENT=@OLD_CHARACTER_SET_CLIENT */;
/*!40101 SET CHARACTER_SET_RESULTS=@OLD_CHARACTER_SET_RESULTS */;
/*!40101 SET COLLATION_CONNECTION=@OLD_COLLATION_CONNECTION */;
/*!40111 SET SQL_NOTES=@OLD_SQL_NOTES */;

-- Dump completed on 2026-04-10 10:10:00
